cargo test (namespace-profile-windows-2022-x86-64-16x32)	UNKNOWN STEP	2026-09-04T03:06:47.4895905Z ^[[32;1m        PASS^[[0m [   0.441s] (8931/9160) ^[[35;1mty_python_semantic::mdtest^[[0m ^[[36mmdtest^[[0m^[[36m::^[[0m^[[34;1mtype_properties/truthiness.md^[[0m
cargo test (namespace-profile-windows-2022-x86-64-16x32)	UNKNOWN STEP	2026-09-04T03:06:47.4961987Z ^[[32;1m        PASS^[[0m [   0.724s] (8932/9160) ^[[35;1mty_python_semantic::mdtest^[[0m ^[[36mmdtest^[[0m^[[36m::^[[0m^[[34;1mtype_properties/is_equivalent_to.md^[[0m
cargo test (namespace-profile-windows-2022-x86-64-16x32)	UNKNOWN STEP	2026-09-04T03:06:47.5283144Z ^[[32;1m        PASS^[[0m [   0.180s] (8933/9160) ^[[35;1mty_python_semantic::mdtest^[[0m ^[[36mmdtest^[[0m^[[36m::^[[0m^[[34;1munary/integers.md^[[0m
cargo test (namespace-profile-windows-2022-x86-64-16x32)	UNKNOWN STEP	2026-09-04T03:06:47.5515246Z ^[[32;1m        PASS^[[0m [   0.920s] (8934/9160) ^[[35;1mty_python_semantic::mdtest^[[0m ^[[36mmdtest^[[0m^[[36m::^[[0m^[[34;1mtype_properties/is_assignable_to.md^[[0m
cargo test (namespace-profile-windows-2022-x86-64-16x32)	UNKNOWN STEP	2026-09-04T03:06:47.5570927Z ^[[32;1m        PASS^[[0m [   0.236s] (8935/9160) ^[[35;1mty_python_semantic::mdtest^[[0m ^[[36mmdtest^[[0m^[[36m::^[[0m^[[34;1munary/custom.md^[[0m
cargo test (namespace-profile-windows-2022-x86-64-16x32)	UNKNOWN STEP	2026-09-04T03:06:47.5834740Z ^[[32;1m        PASS^[[0m [   0.208s] (8936/9160) ^[[35;1mty_python_semantic::mdtest^[[0m ^[[36mmdtest^[[0m^[[36m::^[[0m^[[34;1munary/invert_add_usub.md^[[0m
cargo test (namespace-profile-windows-2022-x86-64-16x32)	UNKNOWN STEP	2026-09-04T03:06:47.5920959Z ^[[32;1m        PASS^[[0m [   0.008s] (8937/9160) ^[[35;1mty_server^[[0m ^[[36mdocument::text_document::tests^[[0m^[[36m::^[[0m^[[34;1mredo_edit^[[0m
cargo test (namespace-profile-windows-2022-x86-64-16x32)	UNKNOWN STEP	2026-09-04T03:06:47.5990679Z ^[[32;1m        PASS^[[0m [   0.007s] (8938/9160) ^[[35;1mty_server^[[0m ^[[36mserver::script_progress::tests^[[0m^[[36m::^[[0m^[[34;1mscript_progress_counts_pending_scripts_and_shows_last_started^[[0m
cargo test (namespace-profile-windows-2022-x86-64-16x32)	UNKNOWN STEP	2026-09-04T03:06:47.6109547Z ^[[32;1m        PASS^[[0m [   0.007s] (8939/9160) ^[[35;1mty_server^[[0m ^[[36msession::tests^[[0m^[[36m::^[[0m^[[34;1mdetached_command_executor_does_not_retain_document_index^[[0m
cargo test (namespace-profile-windows-2022-x86-64-16x32)	UNKNOWN STEP	2026-09-04T03:06:47.6384726Z ^[[32;1m        PASS^[[0m [   0.006s] (8940/9160) ^[[35;1mty_server^[[0m ^[[36msession::tests^[[0m^[[36m::^[[0m^[[34;1mdetached_untrusted_executor_rejects_commands^[[0m
cargo test (namespace-profile-windows-2022-x86-64-16x32)	UNKNOWN STEP	2026-09-04T03:06:47.6386461Z ^[[33;1m        SLOW^[[0m [>  3.000s] (─────────) ^[[35;1mty_python_semantic::mdtest^[[0m ^[[36mmdtest^[[0m^[[36m::^[[0m^[[34;1mprotocols.md^[[0m
cargo test (namespace-profile-windows-2022-x86-64-16x32)	UNKNOWN STEP	2026-09-04T03:06:47.6697970Z ^[[32;1m        PASS^[[0m [   0.954s] (8941/9160) ^[[35;1mty_python_semantic::mdtest^[[0m ^[[36mmdtest^[[0m^[[36m::^[[0m^[[34;1mtype_properties/is_disjoint_from.md^[[0m
cargo test (namespace-profile-windows-2022-x86-64-16x32)	UNKNOWN STEP	2026-09-04T03:06:47.6765690Z ^[[32;1m        PASS^[[0m [   0.404s] (8942/9160) ^[[35;1mty_python_semantic::mdtest^[[0m ^[[36mmdtest^[[0m^[[36m::^[[0m^[[34;1mtype_qualifiers/initvar.md^[[0m
cargo test (namespace-profile-windows-2022-x86-64-16x32)	UNKNOWN STEP	2026-09-04T03:06:47.7466346Z ^[[32;1m        PASS^[[0m [   0.283s] (8943/9160) ^[[35;1mty_python_semantic::mdtest^[[0m ^[[36mmdtest^[[0m^[[36m::^[[0m^[[34;1munary/not.md^[[0m
cargo test (namespace-profile-windows-2022-x86-64-16x32)	UNKNOWN STEP	2026-09-04T03:06:47.7516800Z ^[[32;1m        PASS^[[0m [   0.140s] (8944/9160) ^[[35;1mty_server::e2e^[[0m ^[[36mcall_hierarchy^[[0m^[[36m::^[[0m^[[34;1mincoming_calls_multi_file^[[0m
cargo test (namespace-profile-windows-2022-x86-64-16x32)	UNKNOWN STEP	2026-09-04T03:06:47.7742432Z ^[[33;1m        SLOW^[[0m [> 17.000s] (─────────) ^[[35;1mty_python_semantic::corpus^[[0m ^[[36mlinter_no_panic^[[0m^[[36m::^[[0m^[[34;1m_f_expects^[[0m
cargo test (namespace-profile-windows-2022-x86-64-16x32)	UNKNOWN STEP	2026-09-04T03:06:47.7766796Z ^[[33;1m        SLOW^[[0m [>  1.000s] (─────────) ^[[35;1mty_python_semantic::mdtest^[[0m ^[[36mmdtest^[[0m^[[36m::^[[0m^[[34;1mtype_properties/is_subtype_of.md^[[0m
cargo test (namespace-profile-windows-2022-x86-64-16x32)	UNKNOWN STEP	2026-09-04T03:06:47.7809007Z ^[[32;1m        PASS^[[0m [   0.104s] (8945/9160) ^[[35;1mty_server::e2e^[[0m ^[[36mcall_hierarchy^[[0m^[[36m::^[[0m^[[34;1mprepare_function^[[0m
cargo test (namespace-profile-windows-2022-x86-64-16x32)	UNKNOWN STEP	2026-09-04T03:06:47.7809973Z ^[[32;1m        PASS^[[0m [   0.111s] (8946/9160) ^[[35;1mty_server::e2e^[[0m ^[[36mcall_hierarchy^[[0m^[[36m::^[[0m^[[34;1moutgoing_calls^[[0m
cargo test (namespace-profile-windows-2022-x86-64-16x32)	UNKNOWN STEP	2026-09-04T03:06:47.8015619Z ^[[33;1m        SLOW^[[0m [>  1.000s] (─────────) ^[[35;1mty_python_semantic::mdtest^[[0m ^[[36mmdtest^[[0m^[[36m::^[[0m^[[34;1mtype_properties/materialization.md^[[0m
cargo test (namespace-profile-windows-2022-x86-64-16x32)	UNKNOWN STEP	2026-09-04T03:06:47.8836350Z ^[[32;1m        PASS^[[0m [   0.625s] (8947/9160) ^[[35;1mty_python_semantic::mdtest^[[0m ^[[36mmdtest^[[0m^[[36m::^[[0m^[[34;1mtype_qualifiers/classvar.md^[[0m
cargo test (namespace-profile-windows-2022-x86-64-16x32)	UNKNOWN STEP	2026-09-04T03:06:47.9345383Z ^[[32;1m        PASS^[[0m [   0.190s] (8948/9160) ^[[35;1mty_server::e2e^[[0m ^[[36mcode_actions^[[0m^[[36m::^[[0m^[[34;1mcode_action^[[0m
cargo test (namespace-profile-windows-2022-x86-64-16x32)	UNKNOWN STEP	2026-09-04T03:06:48.0054598Z ^[[32;1m        PASS^[[0m [   0.223s] (8949/9160) ^[[35;1mty_server::e2e^[[0m ^[[36mcode_actions^[[0m^[[36m::^[[0m^[[34;1mcode_action_invalid_string_annotations^[[0m
cargo test (namespace-profile-windows-2022-x86-64-16x32)	UNKNOWN STEP	2026-09-04T03:06:48.0144508Z ^[[32;1m        PASS^[[0m [   0.261s] (8950/9160) ^[[35;1mty_server::e2e^[[0m ^[[36mcode_actions^[[0m^[[36m::^[[0m^[[34;1mcode_action_attribute_access_on_unimported^[[0m
cargo test (namespace-profile-windows-2022-x86-64-16x32)	UNKNOWN STEP	2026-09-04T03:06:48.1426659Z ^[[32;1m        PASS^[[0m [   0.644s] (8951/9160) ^[[35;1mty_python_semantic::mdtest^[[0m ^[[36mmdtest^[[0m^[[36m::^[[0m^[[34;1munion_types.md^[[0m
cargo test (namespace-profile-windows-2022-x86-64-16x32)	UNKNOWN STEP	2026-09-04T03:06:48.1662201Z ^[[32;1m        PASS^[[0m [   0.285s] (8952/9160) ^[[35;1mty_server::e2e^[[0m ^[[36mcode_actions^[[0m^[[36m::^[[0m^[[34;1mcode_action_possible_missing_submodule_attribute^[[0m
cargo test (namespace-profile-windows-2022-x86-64-16x32)	UNKNOWN STEP	2026-09-04T03:06:48.2069123Z ^[[32;1m        PASS^[[0m [   0.426s] (8953/9160) ^[[35;1mty_server::e2e^[[0m ^[[36mcode_actions^[[0m^[[36m::^[[0m^[[34;1mcode_action_existing_import_undefined_decorator^[[0m
cargo test (namespace-profile-windows-2022-x86-64-16x32)	UNKNOWN STEP	2026-09-04T03:06:48.2687624Z ^[[33;1m        SLOW^[[0m [>  1.000s] (─────────) ^[[35;1mty_python_semantic::mdtest^[[0m ^[[36mmdtest^[[0m^[[36m::^[[0m^[[34;1mtype_qualifiers/final.md^[[0m
cargo test (namespace-profile-windows-2022-x86-64-16x32)	UNKNOWN STEP	2026-09-04T03:06:48.2739598Z ^[[32;1m        PASS^[[0m [   1.502s] (8954/9160) ^[[35;1mty_python_semantic::mdtest^[[0m ^[[36mmdtest^[[0m^[[36m::^[[0m^[[34;1mtype_properties/is_subtype_of.md^[[0m
cargo test (namespace-profile-windows-2022-x86-64-16x32)	UNKNOWN STEP	2026-09-04T03:06:48.2857810Z ^[[32;1m        PASS^[[0m [   0.273s] (8955/9160) ^[[35;1mty_server::e2e^[[0m ^[[36mcode_actions^[[0m^[[36m::^[[0m^[[34;1mcode_action_unsafe_fix^[[0m
cargo test (namespace-profile-windows-2022-x86-64-16x32)	UNKNOWN STEP	2026-09-04T03:06:48.2858363Z ^[[33;1m        SLOW^[[0m [>  1.000s] (─────────) ^[[35;1mty_python_semantic::mdtest^[[0m ^[[36mmdtest^[[0m^[[36m::^[[0m^[[34;1mtyped_dict.md^[[0m
cargo test (namespace-profile-windows-2022-x86-64-16x32)	UNKNOWN STEP	2026-09-04T03:06:48.2887528Z ^[[32;1m        PASS^[[0m [   0.355s] (8956/9160) ^[[35;1mty_server::e2e^[[0m ^[[36mcode_actions^[[0m^[[36m::^[[0m^[[34;1mcode_action_undefined_decorator^[[0m
cargo test (namespace-profile-windows-2022-x86-64-16x32)	UNKNOWN STEP	2026-09-04T03:06:48.2905947Z ^[[32;1m        PASS^[[0m [   1.029s] (8957/9160) ^[[35;1mty_python_semantic::mdtest^[[0m ^[[36mmdtest^[[0m^[[36m::^[[0m^[[34;1mtype_qualifiers/final.md^[[0m
cargo test (namespace-profile-windows-2022-x86-64-16x32)	UNKNOWN STEP	2026-09-04T03:06:48.3062017Z ^[[32;1m        PASS^[[0m [   0.303s] (8958/9160) ^[[35;1mty_server::e2e^[[0m ^[[36mcode_actions^[[0m^[[36m::^[[0m^[[34;1mcode_action_undefined_reference_multi^[[0m
cargo test (namespace-profile-windows-2022-x86-64-16x32)	UNKNOWN STEP	2026-09-04T03:06:48.3114819Z ^[[32;1m        PASS^[[0m [   0.105s] (8959/9160) ^[[35;1mty_server::e2e^[[0m ^[[36mcommands^[[0m^[[36m::^[[0m^[[34;1mdebug_command^[[0m
cargo test (namespace-profile-windows-2022-x86-64-16x32)	UNKNOWN STEP	2026-09-04T03:06:48.3787169Z ^[[32;1m        PASS^[[0m [   0.820s] (8960/9160) ^[[35;1mty_python_semantic::mdtest^[[0m ^[[36mmdtest^[[0m^[[36m::^[[0m^[[34;1mwith/sync.md^[[0m
cargo test (namespace-profile-windows-2022-x86-64-16x32)	UNKNOWN STEP	2026-09-04T03:06:48.3927540Z ^[[32;1m        PASS^[[0m [   0.226s] (8961/9160) ^[[35;1mty_server::e2e^[[0m ^[[36mcode_actions^[[0m^[[36m::^[[0m^[[34;1mno_code_action_for_non_overlapping_range_on_same_line^[[0m
cargo test (namespace-profile-windows-2022-x86-64-16x32)	UNKNOWN STEP	2026-09-04T03:06:48.4449880Z ^[[32;1m        PASS^[[0m [   0.917s] (8962/9160) ^[[35;1mty_python_semantic::mdtest^[[0m ^[[36mmdtest^[[0m^[[36m::^[[0m^[[34;1munreachable.md^[[0m
cargo test (namespace-profile-windows-2022-x86-64-16x32)	UNKNOWN STEP	2026-09-04T03:06:48.4756922Z ^[[32;1m        PASS^[[0m [   1.677s] (8963/9160) ^[[35;1mty_python_semantic::mdtest^[[0m ^[[36mmdtest^[[0m^[[36m::^[[0m^[[34;1mtype_properties/materialization.md^[[0m
cargo test (namespace-profile-windows-2022-x86-64-16x32)	UNKNOWN STEP	2026-09-04T03:06:48.4809127Z ^[[32;1m        PASS^[[0m [   0.348s] (8964/9160) ^[[35;1mty_server::e2e^[[0m ^[[36mcode_actions^[[0m^[[36m::^[[0m^[[34;1mcode_action_with_full_diagnostic_output_link^[[0m
cargo test (namespace-profile-windows-2022-x86-64-16x32)	UNKNOWN STEP	2026-09-04T03:06:48.4967069Z ^[[33;1m        SLOW^[[0m [>  1.000s] (─────────) ^[[35;1mty_python_semantic::mdtest^[[0m ^[[36mmdtest^[[0m^[[36m::^[[0m^[[34;1munpacking.md^[[0m
cargo test (namespace-profile-windows-2022-x86-64-16x32)	UNKNOWN STEP	2026-09-04T03:06:48.5314560Z ^[[32;1m        PASS^[[0m [   3.907s] (8965/9160) ^[[35;1mty_python_semantic::mdtest^[[0m ^[[36mmdtest^[[0m^[[36m::^[[0m^[[34;1mprotocols.md^[[0m
cargo test (namespace-profile-windows-2022-x86-64-16x32)	UNKNOWN STEP	2026-09-04T03:06:48.5763749Z ^[[33;1m        SLOW^[[0m [>  1.000s] (─────────) ^[[35;1mty_python_semantic::mdtest^[[0m ^[[36mmdtest^[[0m^[[36m::^[[0m^[[34;1mwith/async.md^[[0m
cargo test (namespace-profile-windows-2022-x86-64-16x32)	UNKNOWN STEP	2026-09-04T03:06:48.6984261Z ^[[32;1m        PASS^[[0m [   1.133s] (8966/9160) ^[[35;1mty_python_semantic::mdtest^[[0m ^[[36mmdtest^[[0m^[[36m::^[[0m^[[34;1mwith/async.md^[[0m
cargo test (namespace-profile-windows-2022-x86-64-16x32)	UNKNOWN STEP	2026-09-04T03:06:48.7790610Z ^[[33;1m        SLOW^[[0m [> 18.000s] (─────────) ^[[35;1mty_python_semantic::corpus^[[0m ^[[36mlinter_no_panic^[[0m^[[36m::^[[0m^[[34;1m_f_expects^[[0m
cargo test (namespace-profile-windows-2022-x86-64-16x32)	UNKNOWN STEP	2026-09-04T03:06:48.8637645Z ^[[32;1m        PASS^[[0m [  18.271s] (8967/9160) ^[[35;1mty_python_semantic::corpus^[[0m ^[[36mlinter_no_panic^[[0m^[[36m::^[[0m^[[34;1m_f_expects^[[0m
cargo test (namespace-profile-windows-2022-x86-64-16x32)	UNKNOWN STEP	2026-09-04T03:06:48.9722985Z ^[[32;1m        PASS^[[0m [   0.525s] (8968/9160) ^[[35;1mty_server::e2e^[[0m ^[[36mcompletions^[[0m^[[36m::^[[0m^[[34;1mdisable_auto_import^[[0m
cargo test (namespace-profile-windows-2022-x86-64-16x32)	UNKNOWN STEP	2026-09-04T03:06:49.0340095Z ^[[32;1m        PASS^[[0m [   0.713s] (8969/9160) ^[[35;1mty_server::e2e^[[0m ^[[36mcompletions^[[0m^[[36m::^[[0m^[[34;1mcomplete_function_parentheses_preserves_qualified_label^[[0m
cargo test (namespace-profile-windows-2022-x86-64-16x32)	UNKNOWN STEP	2026-09-04T03:06:49.0386199Z ^[[32;1m        PASS^[[0m [   0.729s] (8970/9160) ^[[35;1mty_server::e2e^[[0m ^[[36mcompletions^[[0m^[[36m::^[[0m^[[34;1mcomplete_function_parentheses_disabled_by_default^[[0m
cargo test (namespace-profile-windows-2022-x86-64-16x32)	UNKNOWN STEP	2026-09-04T03:06:49.0603785Z ^[[32;1m        PASS^[[0m [   0.786s] (8971/9160) ^[[35;1mty_server::e2e^[[0m ^[[36mcompletions^[[0m^[[36m::^[[0m^[[34;1mauto_import_shows_qualification^[[0m
cargo test (namespace-profile-windows-2022-x86-64-16x32)	UNKNOWN STEP	2026-09-04T03:06:49.0604453Z ^[[32;1m        PASS^[[0m [   0.749s] (8972/9160) ^[[35;1mty_server::e2e^[[0m ^[[36mcompletions^[[0m^[[36m::^[[0m^[[34;1mcomplete_function_parentheses_without_command_support^[[0m
cargo test (namespace-profile-windows-2022-x86-64-16x32)	UNKNOWN STEP	2026-09-04T03:06:49.0624156Z ^[[32;1m        PASS^[[0m [   0.670s] (8973/9160) ^[[35;1mty_server::e2e^[[0m ^[[36mcompletions^[[0m^[[36m::^[[0m^[[34;1mdefault_auto_import^[[0m
cargo test (namespace-profile-windows-2022-x86-64-16x32)	UNKNOWN STEP	2026-09-04T03:06:49.0869537Z ^[[32;1m        PASS^[[0m [   0.792s] (8974/9160) ^[[35;1mty_server::e2e^[[0m ^[[36mcompletions^[[0m^[[36m::^[[0m^[[34;1mcomplete_function_parentheses^[[0m
cargo test (namespace-profile-windows-2022-x86-64-16x32)	UNKNOWN STEP	2026-09-04T03:06:49.0870869Z ^[[33;1m        SKIP^[[0m [         ] (─────────) ^[[35;1mty_server::e2e^[[0m ^[[36mconfiguration^[[0m^[[36m::^[[0m^[[34;1munsupported_inferred_python_version_setting_diagnostic^[[0m
cargo test (namespace-profile-windows-2022-x86-64-16x32)	UNKNOWN STEP	2026-09-04T03:06:49.0871939Z ^[[33;1m        SKIP^[[0m [         ] (─────────) ^[[35;1mty_server::e2e^[[0m ^[[36mconfiguration^[[0m^[[36m::^[[0m^[[34;1munsupported_inferred_python_version_setting_diagnostic_for_system_interpreter^[[0m
cargo test (namespace-profile-windows-2022-x86-64-16x32)	UNKNOWN STEP	2026-09-04T03:06:49.1116263Z ^[[32;1m        PASS^[[0m [   0.738s] (8975/9160) ^[[35;1mty_server::e2e^[[0m ^[[36mcompletions^[[0m^[[36m::^[[0m^[[34;1mcomplete_function_parentheses_without_snippet_support^[[0m
cargo test (namespace-profile-windows-2022-x86-64-16x32)	UNKNOWN STEP	2026-09-04T03:06:49.1333458Z ^[[32;1m        PASS^[[0m [   0.847s] (8976/9160) ^[[35;1mty_server::e2e^[[0m ^[[36mcompletions^[[0m^[[36m::^[[0m^[[34;1mauto_import_shows_qualification_and_import^[[0m
cargo test (namespace-profile-windows-2022-x86-64-16x32)	UNKNOWN STEP	2026-09-04T03:06:49.1355408Z ^[[32;1m        PASS^[[0m [   0.607s] (8977/9160) ^[[35;1mty_server::e2e^[[0m ^[[36mcompletions^[[0m^[[36m::^[[0m^[[34;1mdocumentation_supports_only_markdown^[[0m
cargo test (namespace-profile-windows-2022-x86-64-16x32)	UNKNOWN STEP	2026-09-04T03:06:49.1506792Z ^[[32;1m        PASS^[[0m [   1.656s] (8978/9160) ^[[35;1mty_python_semantic::mdtest^[[0m ^[[36mmdtest^[[0m^[[36m::^[[0m^[[34;1munpacking.md^[[0m
cargo test (namespace-profile-windows-2022-x86-64-16x32)	UNKNOWN STEP	2026-09-04T03:06:49.1668502Z ^[[32;1m        PASS^[[0m [   0.686s] (8979/9160) ^[[35;1mty_server::e2e^[[0m ^[[36mcompletions^[[0m^[[36m::^[[0m^[[34;1mdocumentation_prefers_plain_text_when_listed_first^[[0m
cargo test (namespace-profile-windows-2022-x86-64-16x32)	UNKNOWN STEP	2026-09-04T03:06:49.1786460Z ^[[32;1m        PASS^[[0m [   0.702s] (8980/9160) ^[[35;1mty_server::e2e^[[0m ^[[36mcompletions^[[0m^[[36m::^[[0m^[[34;1mdocumentation_prefers_markdown_when_listed_first^[[0m
cargo test (namespace-profile-windows-2022-x86-64-16x32)	UNKNOWN STEP	2026-09-04T03:06:49.2254710Z ^[[32;1m        PASS^[[0m [   0.113s] (8981/9160) ^[[35;1mty_server::e2e^[[0m ^[[36mfolding_range^[[0m^[[36m::^[[0m^[[34;1mfolding_range_basic_functionality^[[0m
cargo test (namespace-profile-windows-2022-x86-64-16x32)	UNKNOWN STEP	2026-09-04T03:06:49.2255721Z ^[[32;1m        PASS^[[0m [   0.092s] (8982/9160) ^[[35;1mty_server::e2e^[[0m ^[[36mfolding_range^[[0m^[[36m::^[[0m^[[34;1mfolding_range_multiline_block_headers^[[0m
cargo test (namespace-profile-windows-2022-x86-64-16x32)	UNKNOWN STEP	2026-09-04T03:06:49.2554241Z ^[[32;1m        PASS^[[0m [   0.105s] (8983/9160) ^[[35;1mty_server::e2e^[[0m ^[[36mgoto_definition^[[0m^[[36m::^[[0m^[[34;1mscript_search_paths_resolve_imported_symbols^[[0m
cargo test (namespace-profile-windows-2022-x86-64-16x32)	UNKNOWN STEP	2026-09-04T03:06:49.2608466Z ^[[32;1m        PASS^[[0m [   0.290s] (8984/9160) ^[[35;1mty_server::e2e^[[0m ^[[36mcompletions^[[0m^[[36m::^[[0m^[[34;1mstring_literal_completion_uses_full_lsp_insert_text^[[0m
cargo test (namespace-profile-windows-2022-x86-64-16x32)	UNKNOWN STEP	2026-09-04T03:06:49.2886666Z ^[[33;1m        SLOW^[[0m [>  2.000s] (─────────) ^[[35;1mty_python_semantic::mdtest^[[0m ^[[36mmdtest^[[0m^[[36m::^[[0m^[[34;1mtyped_dict.md^[[0m
cargo test (namespace-profile-windows-2022-x86-64-16x32)	UNKNOWN STEP	2026-09-04T03:06:49.3395142Z ^[[32;1m        PASS^[[0m [   0.318s] (8985/9160) ^[[35;1mty_server::e2e^[[0m ^[[36mcompletions^[[0m^[[36m::^[[0m^[[34;1mtyped_dict_literal_key_completion_before_colon^[[0m
cargo test (namespace-profile-windows-2022-x86-64-16x32)	UNKNOWN STEP	2026-09-04T03:06:49.3396076Z ^[[32;1m        PASS^[[0m [   0.277s] (8986/9160) ^[[35;1mty_server::e2e^[[0m ^[[36mconfiguration^[[0m^[[36m::^[[0m^[[34;1minvalid_configuration_file^[[0m
cargo test (namespace-profile-windows-2022-x86-64-16x32)	UNKNOWN STEP	2026-09-04T03:06:49.3396791Z ^[[32;1m        PASS^[[0m [   0.320s] (8987/9160) ^[[35;1mty_server::e2e^[[0m ^[[36mconfiguration^[[0m^[[36m::^[[0m^[[34;1mconfiguration_file^[[0m
cargo test (namespace-profile-windows-2022-x86-64-16x32)	UNKNOWN STEP	2026-09-04T03:06:49.3490915Z ^[[32;1m        PASS^[[0m [   0.124s] (8988/9160) ^[[35;1mty_server::e2e^[[0m ^[[36mgoto_definition::uv_metadata^[[0m^[[36m::^[[0m^[[34;1mmultiple_workspaces_synchronize_independently^[[0m
cargo test (namespace-profile-windows-2022-x86-64-16x32)	UNKNOWN STEP	2026-09-04T03:06:49.3530841Z ^[[32;1m        PASS^[[0m [   0.292s] (8989/9160) ^[[35;1mty_server::e2e^[[0m ^[[36mconfiguration^[[0m^[[36m::^[[0m^[[34;1mconfiguration_overrides^[[0m
cargo test (namespace-profile-windows-2022-x86-64-16x32)	UNKNOWN STEP	2026-09-04T03:06:49.3698243Z ^[[32;1m        PASS^[[0m [   0.310s] (8990/9160) ^[[35;1mty_server::e2e^[[0m ^[[36mconfiguration^[[0m^[[36m::^[[0m^[[34;1mconfiguration_file_and_overrides^[[0m
cargo test (namespace-profile-windows-2022-x86-64-16x32)	UNKNOWN STEP	2026-09-04T03:06:49.3788344Z ^[[32;1m        PASS^[[0m [   0.201s] (8991/9160) ^[[35;1mty_server::e2e^[[0m ^[[36mgoto_definition::uv_metadata^[[0m^[[36m::^[[0m^[[34;1mdependencies_resynchronize_after_save^[[0m
cargo test (namespace-profile-windows-2022-x86-64-16x32)	UNKNOWN STEP	2026-09-04T03:06:49.3806482Z ^[[32;1m        PASS^[[0m [   0.215s] (8992/9160) ^[[35;1mty_server::e2e^[[0m ^[[36mgoto_definition::uv_metadata^[[0m^[[36m::^[[0m^[[34;1mdependencies_resolve_after_invalid_metadata_is_corrected^[[0m
cargo test (namespace-profile-windows-2022-x86-64-16x32)	UNKNOWN STEP	2026-09-04T03:06:49.3880040Z ^[[32;1m        PASS^[[0m [   0.306s] (8993/9160) ^[[35;1mty_server::e2e^[[0m ^[[36mconfiguration^[[0m^[[36m::^[[0m^[[34;1munsupported_editor_python_version^[[0m
cargo test (namespace-profile-windows-2022-x86-64-16x32)	UNKNOWN STEP	2026-09-04T03:06:49.4483107Z ^[[32;1m        PASS^[[0m [   0.220s] (8994/9160) ^[[35;1mty_server::e2e^[[0m ^[[36mgoto_definition::uv_metadata^[[0m^[[36m::^[[0m^[[34;1msaving_unsaved_open_metadata_repeats_synchronization^[[0m
cargo test (namespace-profile-windows-2022-x86-64-16x32)	UNKNOWN STEP	2026-09-04T03:06:49.4484487Z ^[[32;1m        PASS^[[0m [   0.189s] (8995/9160) ^[[35;1mty_server::e2e^[[0m ^[[36mgoto_definition::uv_metadata^[[0m^[[36m::^[[0m^[[34;1msynchronization_reports_progress_before_resolving_dependency_definitions^[[0m
cargo test (namespace-profile-windows-2022-x86-64-16x32)	UNKNOWN STEP	2026-09-04T03:06:49.4492799Z ^[[33;1m        SKIP^[[0m [         ] (─────────) ^[[35;1mty_server::e2e^[[0m ^[[36minitialize^[[0m^[[36m::^[[0m^[[34;1mdisable_language_services_for_one_workspace^[[0m
cargo test (namespace-profile-windows-2022-x86-64-16x32)	UNKNOWN STEP	2026-09-04T03:06:49.4543765Z ^[[32;1m        PASS^[[0m [   0.115s] (8996/9160) ^[[35;1mty_server::e2e^[[0m ^[[36mhover^[[0m^[[36m::^[[0m^[[34;1minvalid_script_environment_retains_configured_platform_for_hover^[[0m
cargo test (namespace-profile-windows-2022-x86-64-16x32)	UNKNOWN STEP	2026-09-04T03:06:49.4762181Z ^[[32;1m        PASS^[[0m [   0.127s] (8997/9160) ^[[35;1mty_server::e2e^[[0m ^[[36mhover^[[0m^[[36m::^[[0m^[[34;1mprefers_markdown_when_listed_first^[[0m
cargo test (namespace-profile-windows-2022-x86-64-16x32)	UNKNOWN STEP	2026-09-04T03:06:49.4782352Z ^[[32;1m        PASS^[[0m [   0.034s] (8998/9160) ^[[35;1mty_server::e2e^[[0m ^[[36mimplementation^[[0m^[[36m::^[[0m^[[34;1mimplementation_provider_is_advertised^[[0m
cargo test (namespace-profile-windows-2022-x86-64-16x32)	UNKNOWN STEP	2026-09-04T03:06:49.4784588Z ^[[32;1m        PASS^[[0m [   0.139s] (8999/9160) ^[[35;1mty_server::e2e^[[0m ^[[36mhover^[[0m^[[36m::^[[0m^[[34;1minvalid_script_retains_valid_environment_settings_for_hover^[[0m
cargo test (namespace-profile-windows-2022-x86-64-16x32)	UNKNOWN STEP	2026-09-04T03:06:49.4877850Z ^[[32;1m        PASS^[[0m [   0.805s] (9000/9160) ^[[35;1mty_server::e2e^[[0m ^[[36mcompletions^[[0m^[[36m::^[[0m^[[34;1mdocumentation_supports_only_plain_text^[[0m
cargo test (namespace-profile-windows-2022-x86-64-16x32)	UNKNOWN STEP	2026-09-04T03:06:49.4922830Z ^[[32;1m        PASS^[[0m [   0.139s] (9001/9160) ^[[35;1mty_server::e2e^[[0m ^[[36mhover^[[0m^[[36m::^[[0m^[[34;1mprefers_plain_text_when_listed_first^[[0m
cargo test (namespace-profile-windows-2022-x86-64-16x32)	UNKNOWN STEP	2026-09-04T03:06:49.5039591Z ^[[32;1m        PASS^[[0m [   0.243s] (9002/9160) ^[[35;1mty_server::e2e^[[0m ^[[36mgoto_definition::uv_metadata^[[0m^[[36m::^[[0m^[[34;1mwatched_directory_changes_resynchronize_closed_scripts^[[0m
cargo test (namespace-profile-windows-2022-x86-64-16x32)	UNKNOWN STEP	2026-09-04T03:06:49.5040236Z ^[[32;1m        PASS^[[0m [   0.050s] (9003/9160) ^[[35;1mty_server::e2e^[[0m ^[[36minitialize^[[0m^[[36m::^[[0m^[[34;1mdisable_language_services_set_on_initialization^[[0m
cargo test (namespace-profile-windows-2022-x86-64-16x32)	UNKNOWN STEP	2026-09-04T03:06:49.5043754Z ^[[32;1m        PASS^[[0m [   0.017s] (9004/9160) ^[[35;1mty_server::e2e^[[0m ^[[36minitialize^[[0m^[[36m::^[[0m^[[34;1mmalformed_trust_rejects_initialization^[[0m
cargo test (namespace-profile-windows-2022-x86-64-16x32)	UNKNOWN STEP	2026-09-04T03:06:49.5137186Z ^[[32;1m        PASS^[[0m [   0.677s] (9005/9160) ^[[35;1mty_server::e2e^[[0m ^[[36mcompletions^[[0m^[[36m::^[[0m^[[34;1mfunction_parameter_shows_equals_suffix^[[0m
cargo test (namespace-profile-windows-2022-x86-64-16x32)	UNKNOWN STEP	2026-09-04T03:06:49.5185380Z ^[[32;1m        PASS^[[0m [   0.042s] (9006/9160) ^[[35;1mty_server::e2e^[[0m ^[[36minitialize^[[0m^[[36m::^[[0m^[[34;1mdisable_language_services_set_on_workspace^[[0m
cargo test (namespace-profile-windows-2022-x86-64-16x32)	UNKNOWN STEP	2026-09-04T03:06:49.5219207Z ^[[32;1m        PASS^[[0m [   0.142s] (9007/9160) ^[[35;1mty_server::e2e^[[0m ^[[36mhover^[[0m^[[36m::^[[0m^[[34;1msupports_only_markdown^[[0m
cargo test (namespace-profile-windows-2022-x86-64-16x32)	UNKNOWN STEP	2026-09-04T03:06:49.5677841Z ^[[32;1m        PASS^[[0m [   0.089s] (9008/9160) ^[[35;1mty_server::e2e^[[0m ^[[36minitialize^[[0m^[[36m::^[[0m^[[34;1mempty_workspace_folders^[[0m
cargo test (namespace-profile-windows-2022-x86-64-16x32)	UNKNOWN STEP	2026-09-04T03:06:49.5773741Z ^[[32;1m        PASS^[[0m [   0.442s] (9009/9160) ^[[35;1mty_server::e2e^[[0m ^[[36mfolding_range^[[0m^[[36m::^[[0m^[[34;1mfolding_range_notebook_cells_are_filtered_to_the_requested_cell^[[0m
cargo test (namespace-profile-windows-2022-x86-64-16x32)	UNKNOWN STEP	2026-09-04T03:06:49.5810328Z ^[[32;1m        PASS^[[0m [   0.089s] (9010/9160) ^[[35;1mty_server::e2e^[[0m ^[[36minitialize^[[0m^[[36m::^[[0m^[[34;1mmissing_virtual_env_does_not_panic^[[0m
cargo test (namespace-profile-windows-2022-x86-64-16x32)	UNKNOWN STEP	2026-09-04T03:06:49.5862235Z ^[[32;1m        PASS^[[0m [   0.205s] (9011/9160) ^[[35;1mty_server::e2e^[[0m ^[[36mhover^[[0m^[[36m::^[[0m^[[34;1msupports_only_plain_text^[[0m
cargo test (namespace-profile-windows-2022-x86-64-16x32)	UNKNOWN STEP	2026-09-04T03:06:49.5891289Z ^[[32;1m        PASS^[[0m [   0.250s] (9012/9160) ^[[35;1mty_server::e2e^[[0m ^[[36mgoto_definition::uv_metadata^[[0m^[[36m::^[[0m^[[34;1mworkspace_check_does_not_synchronize_unsaved_script_metadata^[[0m
cargo test (namespace-profile-windows-2022-x86-64-16x32)	UNKNOWN STEP	2026-09-04T03:06:49.5997009Z ^[[32;1m        PASS^[[0m [   0.095s] (9013/9160) ^[[35;1mty_server::e2e^[[0m ^[[36minitialize^[[0m^[[36m::^[[0m^[[34;1mopen_files_diagnostic_registration_via_initialization^[[0m
cargo test (namespace-profile-windows-2022-x86-64-16x32)	UNKNOWN STEP	2026-09-04T03:06:49.5997798Z ^[[32;1m        PASS^[[0m [   0.096s] (9014/9160) ^[[35;1mty_server::e2e^[[0m ^[[36minitialize^[[0m^[[36m::^[[0m^[[34;1mopen_files_diagnostic_registration^[[0m
cargo test (namespace-profile-windows-2022-x86-64-16x32)	UNKNOWN STEP	2026-09-04T03:06:49.6003505Z ^[[32;1m        PASS^[[0m [   0.096s] (9015/9160) ^[[35;1mty_server::e2e^[[0m ^[[36minitialize^[[0m^[[36m::^[[0m^[[34;1mopen_files_diagnostic_registration_without_configuration^[[0m
cargo test (namespace-profile-windows-2022-x86-64-16x32)	UNKNOWN STEP	2026-09-04T03:06:49.6008789Z ^[[32;1m        PASS^[[0m [   0.080s] (9016/9160) ^[[35;1mty_server::e2e^[[0m ^[[36minitialize^[[0m^[[36m::^[[0m^[[34;1munknown_initialization_options^[[0m
cargo test (namespace-profile-windows-2022-x86-64-16x32)	UNKNOWN STEP	2026-09-04T03:06:49.6009305Z ^[[32;1m        PASS^[[0m [   0.082s] (9017/9160) ^[[35;1mty_server::e2e^[[0m ^[[36minitialize^[[0m^[[36m::^[[0m^[[34;1msingle_workspace_folder^[[0m
cargo test (namespace-profile-windows-2022-x86-64-16x32)	UNKNOWN STEP	2026-09-04T03:06:49.6025500Z ^[[32;1m        PASS^[[0m [   0.215s] (9018/9160) ^[[35;1mty_server::e2e^[[0m ^[[36mimplementation^[[0m^[[36m::^[[0m^[[34;1mimplementation_location_links_with_link_support^[[0m
cargo test (namespace-profile-windows-2022-x86-64-16x32)	UNKNOWN STEP	2026-09-04T03:06:49.6140499Z ^[[32;1m        PASS^[[0m [   0.101s] (9019/9160) ^[[35;1mty_server::e2e^[[0m ^[[36minitialize^[[0m^[[36m::^[[0m^[[34;1mregister_multiple_capabilities^[[0m
cargo test (namespace-profile-windows-2022-x86-64-16x32)	UNKNOWN STEP	2026-09-04T03:06:49.6192507Z ^[[32;1m        PASS^[[0m [   0.140s] (9020/9160) ^[[35;1mty_server::e2e^[[0m ^[[36minitialize^[[0m^[[36m::^[[0m^[[34;1mmalformed_initialization_options_preserve_workspace_trust^[[0m
cargo test (namespace-profile-windows-2022-x86-64-16x32)	UNKNOWN STEP	2026-09-04T03:06:49.6207287Z ^[[32;1m        PASS^[[0m [   0.176s] (9021/9160) ^[[35;1mty_server::e2e^[[0m ^[[36mimplementation^[[0m^[[36m::^[[0m^[[34;1mimplementation_locations_without_link_support^[[0m
cargo test (namespace-profile-windows-2022-x86-64-16x32)	UNKNOWN STEP	2026-09-04T03:06:49.6418195Z ^[[32;1m        PASS^[[0m [   0.042s] (9022/9160) ^[[35;1mty_server::e2e^[[0m ^[[36minlay_hints^[[0m^[[36m::^[[0m^[[34;1mvariable_inlay_hints_disabled^[[0m
cargo test (namespace-profile-windows-2022-x86-64-16x32)	UNKNOWN STEP	2026-09-04T03:06:49.6438265Z ^[[32;1m        PASS^[[0m [   0.043s] (9023/9160) ^[[35;1mty_server::e2e^[[0m ^[[36minlay_hints^[[0m^[[36m::^[[0m^[[34;1mvariable_inlay_hints_disabled_for_virtual_file^[[0m
cargo test (namespace-profile-windows-2022-x86-64-16x32)	UNKNOWN STEP	2026-09-04T03:06:49.6445149Z ^[[32;1m        PASS^[[0m [   0.077s] (9024/9160) ^[[35;1mty_server::e2e^[[0m ^[[36minitialize^[[0m^[[36m::^[[0m^[[34;1munknown_options_in_workspace_configuration^[[0m
cargo test (namespace-profile-windows-2022-x86-64-16x32)	UNKNOWN STEP	2026-09-04T03:06:49.6579841Z ^[[32;1m        PASS^[[0m [   0.081s] (9025/9160) ^[[35;1mty_server::e2e^[[0m ^[[36minitialize^[[0m^[[36m::^[[0m^[[34;1mworkspace_diagnostic_registration^[[0m
cargo test (namespace-profile-windows-2022-x86-64-16x32)	UNKNOWN STEP	2026-09-04T03:06:49.6639522Z ^[[32;1m        PASS^[[0m [   0.083s] (9026/9160) ^[[35;1mty_server::e2e^[[0m ^[[36minitialize^[[0m^[[36m::^[[0m^[[34;1mworkspace_diagnostic_registration_via_initialization^[[0m
cargo test (namespace-profile-windows-2022-x86-64-16x32)	UNKNOWN STEP	2026-09-04T03:06:49.6765294Z ^[[32;1m        PASS^[[0m [   0.090s] (9027/9160) ^[[35;1mty_server::e2e^[[0m ^[[36minitialize^[[0m^[[36m::^[[0m^[[34;1mworkspace_diagnostic_registration_without_configuration^[[0m
cargo test (namespace-profile-windows-2022-x86-64-16x32)	UNKNOWN STEP	2026-09-04T03:06:49.6886714Z ^[[32;1m        PASS^[[0m [   0.316s] (9028/9160) ^[[35;1mty_server::e2e^[[0m ^[[36mhover^[[0m^[[36m::^[[0m^[[34;1mshared_import_hover_uses_each_script_python_version^[[0m
cargo test (namespace-profile-windows-2022-x86-64-16x32)	UNKNOWN STEP	2026-09-04T03:06:49.6945115Z ^[[32;1m        PASS^[[0m [   0.072s] (9029/9160) ^[[35;1mty_server::e2e^[[0m ^[[36mnotebook^[[0m^[[36m::^[[0m^[[34;1minvalid_syntax_with_syntax_errors_disabled^[[0m
cargo test (namespace-profile-windows-2022-x86-64-16x32)	UNKNOWN STEP	2026-09-04T03:06:49.7235750Z ^[[32;1m        PASS^[[0m [   0.124s] (9030/9160) ^[[35;1mty_server::e2e^[[0m ^[[36minlay_hints^[[0m^[[36m::^[[0m^[[34;1mdefault_inlay_hints_auto_import^[[0m
cargo test (namespace-profile-windows-2022-x86-64-16x32)	UNKNOWN STEP	2026-09-04T03:06:49.7446649Z ^[[32;1m        PASS^[[0m [   0.097s] (9031/9160) ^[[35;1mty_server::e2e^[[0m ^[[36mnotebook^[[0m^[[36m::^[[0m^[[34;1mpublish_unused_binding_diagnostics_open^[[0m
cargo test (namespace-profile-windows-2022-x86-64-16x32)	UNKNOWN STEP	2026-09-04T03:06:49.8478480Z ^[[32;1m        PASS^[[0m [   0.106s] (9032/9160) ^[[35;1mty_server::e2e^[[0m ^[[36mpublish_diagnostics^[[0m^[[36m::^[[0m^[[34;1minvalid_syntax_with_syntax_errors_disabled^[[0m
cargo test (namespace-profile-windows-2022-x86-64-16x32)	UNKNOWN STEP	2026-09-04T03:06:49.8534230Z ^[[32;1m        PASS^[[0m [   0.264s] (9033/9160) ^[[35;1mty_server::e2e^[[0m ^[[36minlay_hints^[[0m^[[36m::^[[0m^[[34;1mdefault_inlay_hints^[[0m
cargo test (namespace-profile-windows-2022-x86-64-16x32)	UNKNOWN STEP	2026-09-04T03:06:49.8711243Z ^[[32;1m        PASS^[[0m [   0.229s] (9034/9160) ^[[35;1mty_server::e2e^[[0m ^[[36mnotebook^[[0m^[[36m::^[[0m^[[34;1mpublish_diagnostics_open^[[0m
cargo test (namespace-profile-windows-2022-x86-64-16x32)	UNKNOWN STEP	2026-09-04T03:06:49.8712713Z ^[[32;1m        PASS^[[0m [   0.195s] (9035/9160) ^[[35;1mty_server::e2e^[[0m ^[[36mnotebook^[[0m^[[36m::^[[0m^[[34;1msemantic_tokens_for_cell_do_not_leak_stringified_annotations^[[0m
cargo test (namespace-profile-windows-2022-x86-64-16x32)	UNKNOWN STEP	2026-09-04T03:06:49.8720320Z ^[[32;1m        PASS^[[0m [   0.228s] (9036/9160) ^[[35;1mty_server::e2e^[[0m ^[[36mnotebook^[[0m^[[36m::^[[0m^[[34;1mpublish_unreachable_code_diagnostics_open^[[0m
cargo test (namespace-profile-windows-2022-x86-64-16x32)	UNKNOWN STEP	2026-09-04T03:06:49.8743364Z ^[[32;1m        PASS^[[0m [   0.189s] (9037/9160) ^[[35;1mty_server::e2e^[[0m ^[[36mnotebook^[[0m^[[36m::^[[0m^[[34;1mswap_cells^[[0m
cargo test (namespace-profile-windows-2022-x86-64-16x32)	UNKNOWN STEP	2026-09-04T03:06:49.8767909Z ^[[32;1m        PASS^[[0m [   0.219s] (9038/9160) ^[[35;1mty_server::e2e^[[0m ^[[36mnotebook^[[0m^[[36m::^[[0m^[[34;1mpull_diagnostics_for_notebook_cells^[[0m
cargo test (namespace-profile-windows-2022-x86-64-16x32)	UNKNOWN STEP	2026-09-04T03:06:49.8873176Z ^[[32;1m        PASS^[[0m [   0.268s] (9039/9160) ^[[35;1mty_server::e2e^[[0m ^[[36mnotebook^[[0m^[[36m::^[[0m^[[34;1mdiagnostic_end_of_file^[[0m
cargo test (namespace-profile-windows-2022-x86-64-16x32)	UNKNOWN STEP	2026-09-04T03:06:49.9174621Z ^[[32;1m        PASS^[[0m [   0.224s] (9040/9160) ^[[35;1mty_server::e2e^[[0m ^[[36mpublish_diagnostics^[[0m^[[36m::^[[0m^[[34;1mchanging_language_of_file_without_extension^[[0m
cargo test (namespace-profile-windows-2022-x86-64-16x32)	UNKNOWN STEP	2026-09-04T03:06:49.9481801Z ^[[32;1m        PASS^[[0m [   0.225s] (9041/9160) ^[[35;1mty_server::e2e^[[0m ^[[36mpublish_diagnostics^[[0m^[[36m::^[[0m^[[34;1mfull_diagnostic_output^[[0m
cargo test (namespace-profile-windows-2022-x86-64-16x32)	UNKNOWN STEP	2026-09-04T03:06:49.9814101Z ^[[32;1m        PASS^[[0m [   0.317s] (9042/9160) ^[[35;1mty_server::e2e^[[0m ^[[36mnotebook^[[0m^[[36m::^[[0m^[[34;1msemantic_tokens^[[0m
cargo test (namespace-profile-windows-2022-x86-64-16x32)	UNKNOWN STEP	2026-09-04T03:06:49.9904860Z ^[[32;1m        PASS^[[0m [   0.113s] (9043/9160) ^[[35;1mty_server::e2e^[[0m ^[[36mpublish_diagnostics^[[0m^[[36m::^[[0m^[[34;1mon_did_change_nested_invalid_tuple_assignment_target_does_not_panic^[[0m
cargo test (namespace-profile-windows-2022-x86-64-16x32)	UNKNOWN STEP	2026-09-04T03:06:49.9907180Z ^[[32;1m        PASS^[[0m [   0.116s] (9044/9160) ^[[35;1mty_server::e2e^[[0m ^[[36mpublish_diagnostics^[[0m^[[36m::^[[0m^[[34;1mon_did_change_invalid_tuple_assignment_target_does_not_panic^[[0m
cargo test (namespace-profile-windows-2022-x86-64-16x32)	UNKNOWN STEP	2026-09-04T03:06:50.0148577Z ^[[32;1m        PASS^[[0m [   0.144s] (9045/9160) ^[[35;1mty_server::e2e^[[0m ^[[36mpublish_diagnostics^[[0m^[[36m::^[[0m^[[34;1mon_did_change_diagnostics_off^[[0m
cargo test (namespace-profile-windows-2022-x86-64-16x32)	UNKNOWN STEP	2026-09-04T03:06:50.0980735Z ^[[32;1m        PASS^[[0m [   0.221s] (9046/9160) ^[[35;1mty_server::e2e^[[0m ^[[36mpublish_diagnostics^[[0m^[[36m::^[[0m^[[34;1mon_did_change_invalid_script_metadata_restores_semantic_diagnostics^[[0m
cargo test (namespace-profile-windows-2022-x86-64-16x32)	UNKNOWN STEP	2026-09-04T03:06:50.1188408Z ^[[32;1m        PASS^[[0m [   0.170s] (9047/9160) ^[[35;1mty_server::e2e^[[0m ^[[36mpublish_diagnostics^[[0m^[[36m::^[[0m^[[34;1mon_did_change_watched_files_pull_diagnostics^[[0m
cargo test (namespace-profile-windows-2022-x86-64-16x32)	UNKNOWN STEP	2026-09-04T03:06:50.1213707Z ^[[32;1m        PASS^[[0m [   0.274s] (9048/9160) ^[[35;1mty_server::e2e^[[0m ^[[36mpublish_diagnostics^[[0m^[[36m::^[[0m^[[34;1mmessage_with_related_information_support^[[0m
cargo test (namespace-profile-windows-2022-x86-64-16x32)	UNKNOWN STEP	2026-09-04T03:06:50.1584449Z ^[[32;1m        PASS^[[0m [   0.302s] (9049/9160) ^[[35;1mty_server::e2e^[[0m ^[[36mpublish_diagnostics^[[0m^[[36m::^[[0m^[[34;1mmessage_without_related_information_support^[[0m
cargo test (namespace-profile-windows-2022-x86-64-16x32)	UNKNOWN STEP	2026-09-04T03:06:50.1586091Z ^[[32;1m        PASS^[[0m [   0.285s] (9050/9160) ^[[35;1mty_server::e2e^[[0m ^[[36mpublish_diagnostics^[[0m^[[36m::^[[0m^[[34;1mon_did_change^[[0m
cargo test (namespace-profile-windows-2022-x86-64-16x32)	UNKNOWN STEP	2026-09-04T03:06:50.1674118Z ^[[32;1m        PASS^[[0m [   0.177s] (9051/9160) ^[[35;1mty_server::e2e^[[0m ^[[36mpublish_diagnostics^[[0m^[[36m::^[[0m^[[34;1mon_did_open_diagnostics_off^[[0m
cargo test (namespace-profile-windows-2022-x86-64-16x32)	UNKNOWN STEP	2026-09-04T03:06:50.1680685Z ^[[32;1m        PASS^[[0m [   0.153s] (9052/9160) ^[[35;1mty_server::e2e^[[0m ^[[36mpublish_diagnostics^[[0m^[[36m::^[[0m^[[34;1mon_did_open_invalid_script_reports_only_configuration_diagnostics^[[0m
cargo test (namespace-profile-windows-2022-x86-64-16x32)	UNKNOWN STEP	2026-09-04T03:06:50.1963950Z ^[[32;1m        PASS^[[0m [   0.278s] (9053/9160) ^[[35;1mty_server::e2e^[[0m ^[[36mpublish_diagnostics^[[0m^[[36m::^[[0m^[[34;1mon_did_change_watched_files^[[0m
cargo test (namespace-profile-windows-2022-x86-64-16x32)	UNKNOWN STEP	2026-09-04T03:06:50.2223839Z ^[[32;1m        PASS^[[0m [   0.235s] (9054/9160) ^[[35;1mty_server::e2e^[[0m ^[[36mpublish_diagnostics^[[0m^[[36m::^[[0m^[[34;1mon_did_open^[[0m
cargo test (namespace-profile-windows-2022-x86-64-16x32)	UNKNOWN STEP	2026-09-04T03:06:50.2417364Z ^[[32;1m        PASS^[[0m [   0.354s] (9055/9160) ^[[35;1mty_server::e2e^[[0m ^[[36mpublish_diagnostics^[[0m^[[36m::^[[0m^[[34;1mon_did_change_script_python_requirement^[[0m
cargo test (namespace-profile-windows-2022-x86-64-16x32)	UNKNOWN STEP	2026-09-04T03:06:50.2532071Z ^[[32;1m        PASS^[[0m [   0.652s] (9056/9160) ^[[35;1mty_server::e2e^[[0m ^[[36mnotebook^[[0m^[[36m::^[[0m^[[34;1mauto_import^[[0m
cargo test (namespace-profile-windows-2022-x86-64-16x32)	UNKNOWN STEP	2026-09-04T03:06:50.2646827Z ^[[32;1m        PASS^[[0m [   0.650s] (9057/9160) ^[[35;1mty_server::e2e^[[0m ^[[36mnotebook^[[0m^[[36m::^[[0m^[[34;1mauto_import_same_cell^[[0m
cargo test (namespace-profile-windows-2022-x86-64-16x32)	UNKNOWN STEP	2026-09-04T03:06:50.2714259Z ^[[32;1m        PASS^[[0m [   0.115s] (9058/9160) ^[[35;1mty_server::e2e^[[0m ^[[36mpublish_diagnostics^[[0m^[[36m::^[[0m^[[34;1mon_did_open_virtual_script_reports_inline_configuration_diagnostics^[[0m
cargo test (namespace-profile-windows-2022-x86-64-16x32)	UNKNOWN STEP	2026-09-04T03:06:50.2728664Z ^[[32;1m        PASS^[[0m [   0.670s] (9059/9160) ^[[35;1mty_server::e2e^[[0m ^[[36mnotebook^[[0m^[[36m::^[[0m^[[34;1mauto_import_from_future^[[0m
cargo test (namespace-profile-windows-2022-x86-64-16x32)	UNKNOWN STEP	2026-09-04T03:06:50.2789095Z ^[[32;1m        PASS^[[0m [   0.111s] (9060/9160) ^[[35;1mty_server::e2e^[[0m ^[[36mpublish_diagnostics^[[0m^[[36m::^[[0m^[[34;1mon_did_open_virtual_script_reports_invalid_metadata^[[0m
cargo test (namespace-profile-windows-2022-x86-64-16x32)	UNKNOWN STEP	2026-09-04T03:06:50.2930843Z ^[[32;1m        PASS^[[0m [   0.050s] (9061/9160) ^[[35;1mty_server::e2e^[[0m ^[[36mpublish_diagnostics::uv_metadata^[[0m^[[36m::^[[0m^[[34;1mpushed_diagnostics_wait_for_the_initial_environment^[[0m
cargo test (namespace-profile-windows-2022-x86-64-16x32)	UNKNOWN STEP	2026-09-04T03:06:50.2941666Z ^[[33;1m        SLOW^[[0m [>  3.000s] (─────────) ^[[35;1mty_python_semantic::mdtest^[[0m ^[[36mmdtest^[[0m^[[36m::^[[0m^[[34;1mtyped_dict.md^[[0m
cargo test (namespace-profile-windows-2022-x86-64-16x32)	UNKNOWN STEP	2026-09-04T03:06:50.3231107Z ^[[32;1m        PASS^[[0m [   0.332s] (9062/9160) ^[[35;1mty_server::e2e^[[0m ^[[36mpublish_diagnostics^[[0m^[[36m::^[[0m^[[34;1mon_did_open_file_without_extension_but_python_language^[[0m
cargo test (namespace-profile-windows-2022-x86-64-16x32)	UNKNOWN STEP	2026-09-04T03:06:50.3506278Z ^[[32;1m        PASS^[[0m [   0.134s] (9063/9160) ^[[35;1mty_server::e2e^[[0m ^[[36mpublish_diagnostics::uv_metadata^[[0m^[[36m::^[[0m^[[34;1mproject_refresh_reports_progress_and_clears_errors^[[0m
cargo test (namespace-profile-windows-2022-x86-64-16x32)	UNKNOWN STEP	2026-09-04T03:06:50.3507370Z ^[[32;1m        PASS^[[0m [   0.749s] (9064/9160) ^[[35;1mty_server::e2e^[[0m ^[[36mnotebook^[[0m^[[36m::^[[0m^[[34;1mauto_import_docstring^[[0m
cargo test (namespace-profile-windows-2022-x86-64-16x32)	UNKNOWN STEP	2026-09-04T03:06:50.3718152Z ^[[32;1m        PASS^[[0m [   0.250s] (9065/9160) ^[[35;1mty_server::e2e^[[0m ^[[36mpublish_diagnostics^[[0m^[[36m::^[[0m^[[34;1mon_did_open_non_existing_file_workspace_with_file_uri^[[0m
cargo test (namespace-profile-windows-2022-x86-64-16x32)	UNKNOWN STEP	2026-09-04T03:06:50.3817575Z ^[[32;1m        PASS^[[0m [   0.226s] (9066/9160) ^[[35;1mty_server::e2e^[[0m ^[[36mpublish_diagnostics^[[0m^[[36m::^[[0m^[[34;1mon_did_open_non_existing_file_workspace_with_untitled_uri^[[0m
cargo test (namespace-profile-windows-2022-x86-64-16x32)	UNKNOWN STEP	2026-09-04T03:06:50.3860152Z ^[[32;1m        PASS^[[0m [   0.267s] (9067/9160) ^[[35;1mty_server::e2e^[[0m ^[[36mpublish_diagnostics^[[0m^[[36m::^[[0m^[[34;1mon_did_open_non_existing_file_open_files_only^[[0m
cargo test (namespace-profile-windows-2022-x86-64-16x32)	UNKNOWN STEP	2026-09-04T03:06:50.4011859Z ^[[32;1m        PASS^[[0m [   0.148s] (9068/9160) ^[[35;1mty_server::e2e^[[0m ^[[36mpublish_diagnostics::uv_metadata^[[0m^[[36m::^[[0m^[[34;1muntrusted_workspace_keeps_semantic_diagnostics^[[0m
cargo test (namespace-profile-windows-2022-x86-64-16x32)	UNKNOWN STEP	2026-09-04T03:06:50.4037667Z ^[[32;1m        PASS^[[0m [   0.235s] (9069/9160) ^[[35;1mty_server::e2e^[[0m ^[[36mpublish_diagnostics^[[0m^[[36m::^[[0m^[[34;1mon_did_open_virtual_script_uses_its_python_requirement^[[0m
cargo test (namespace-profile-windows-2022-x86-64-16x32)	UNKNOWN STEP	2026-09-04T03:06:50.4302764Z ^[[32;1m        PASS^[[0m [   0.106s] (9070/9160) ^[[35;1mty_server::e2e^[[0m ^[[36mpull_diagnostics^[[0m^[[36m::^[[0m^[[34;1minvalid_syntax_with_syntax_errors_disabled^[[0m
cargo test (namespace-profile-windows-2022-x86-64-16x32)	UNKNOWN STEP	2026-09-04T03:06:50.4353573Z ^[[32;1m        PASS^[[0m [   0.342s] (9071/9160) ^[[35;1mty_server::e2e^[[0m ^[[36mpublish_diagnostics^[[0m^[[36m::^[[0m^[[34;1mon_did_open_ipynb_file_with_python_language^[[0m
cargo test (namespace-profile-windows-2022-x86-64-16x32)	UNKNOWN STEP	2026-09-04T03:06:50.4640401Z ^[[32;1m        PASS^[[0m [   0.191s] (9072/9160) ^[[35;1mty_server::e2e^[[0m ^[[36mpull_diagnostics^[[0m^[[36m::^[[0m^[[34;1mdocument_diagnostic_caching_changed^[[0m
cargo test (namespace-profile-windows-2022-x86-64-16x32)	UNKNOWN STEP	2026-09-04T03:06:50.4840034Z ^[[32;1m        PASS^[[0m [   0.193s] (9073/9160) ^[[35;1mty_server::e2e^[[0m ^[[36mpull_diagnostics^[[0m^[[36m::^[[0m^[[34;1mdocument_diagnostic_caching_unchanged^[[0m
cargo test (namespace-profile-windows-2022-x86-64-16x32)	UNKNOWN STEP	2026-09-04T03:06:50.4898573Z ^[[32;1m        PASS^[[0m [   0.118s] (9074/9160) ^[[35;1mty_server::e2e^[[0m ^[[36mpull_diagnostics^[[0m^[[36m::^[[0m^[[34;1mon_did_open_diagnostics_off^[[0m
cargo test (namespace-profile-windows-2022-x86-64-16x32)	UNKNOWN STEP	2026-09-04T03:06:50.4957731Z ^[[32;1m        PASS^[[0m [   0.231s] (9075/9160) ^[[35;1mty_server::e2e^[[0m ^[[36mpull_diagnostics^[[0m^[[36m::^[[0m^[[34;1mclosing_external_file_preserves_open_files^[[0m
cargo test (namespace-profile-windows-2022-x86-64-16x32)	UNKNOWN STEP	2026-09-04T03:06:50.5076393Z ^[[32;1m        PASS^[[0m [   0.104s] (9076/9160) ^[[35;1mty_server::e2e^[[0m ^[[36mpull_diagnostics^[[0m^[[36m::^[[0m^[[34;1munreachable_code_suppresses_unused_binding_hint^[[0m
cargo test (namespace-profile-windows-2022-x86-64-16x32)	UNKNOWN STEP	2026-09-04T03:06:50.5135530Z ^[[32;1m        PASS^[[0m [   0.242s] (9077/9160) ^[[35;1mty_server::e2e^[[0m ^[[36mpull_diagnostics^[[0m^[[36m::^[[0m^[[34;1mcurrent_analysis_unreachable_code_has_unnecessary_hint_tag^[[0m
cargo test (namespace-profile-windows-2022-x86-64-16x32)	UNKNOWN STEP	2026-09-04T03:06:50.5140013Z ^[[32;1m        PASS^[[0m [   0.235s] (9078/9160) ^[[35;1mty_server::e2e^[[0m ^[[36mpull_diagnostics^[[0m^[[36m::^[[0m^[[34;1mdocument_diagnostic_caching_rendered_source_changed^[[0m
cargo test (namespace-profile-windows-2022-x86-64-16x32)	UNKNOWN STEP	2026-09-04T03:06:50.5148163Z ^[[32;1m        PASS^[[0m [   0.320s] (9079/9160) ^[[35;1mty_server::e2e^[[0m ^[[36mpublish_diagnostics^[[0m^[[36m::^[[0m^[[34;1mon_did_save_publishes_open_file_documents^[[0m
cargo test (namespace-profile-windows-2022-x86-64-16x32)	UNKNOWN STEP	2026-09-04T03:06:50.5227085Z ^[[32;1m        PASS^[[0m [   0.059s] (9080/9160) ^[[35;1mty_server::e2e^[[0m ^[[36mpull_diagnostics::uv_metadata^[[0m^[[36m::^[[0m^[[34;1msynchronization_failure_highlights_script_metadata^[[0m
cargo test (namespace-profile-windows-2022-x86-64-16x32)	UNKNOWN STEP	2026-09-04T03:06:50.5366806Z ^[[32;1m        PASS^[[0m [   0.107s] (9081/9160) ^[[35;1mty_server::e2e^[[0m ^[[36mpull_diagnostics^[[0m^[[36m::^[[0m^[[34;1munused_binding_has_unnecessary_hint_tag^[[0m
cargo test (namespace-profile-windows-2022-x86-64-16x32)	UNKNOWN STEP	2026-09-04T03:06:50.5876804Z ^[[32;1m        PASS^[[0m [   0.152s] (9082/9160) ^[[35;1mty_server::e2e^[[0m ^[[36mpull_diagnostics::uv_metadata^[[0m^[[36m::^[[0m^[[34;1mopening_new_file_updates_workspace_index^[[0m
cargo test (namespace-profile-windows-2022-x86-64-16x32)	UNKNOWN STEP	2026-09-04T03:06:50.6113933Z ^[[32;1m        PASS^[[0m [   0.260s] (9083/9160) ^[[35;1mty_server::e2e^[[0m ^[[36mpull_diagnostics^[[0m^[[36m::^[[0m^[[34;1mon_did_open^[[0m
cargo test (namespace-profile-windows-2022-x86-64-16x32)	UNKNOWN STEP	2026-09-04T03:06:50.6423339Z ^[[32;1m        PASS^[[0m [   0.260s] (9084/9160) ^[[35;1mty_server::e2e^[[0m ^[[36mpull_diagnostics^[[0m^[[36m::^[[0m^[[34;1mpull_excluded_file^[[0m
cargo test (namespace-profile-windows-2022-x86-64-16x32)	UNKNOWN STEP	2026-09-04T03:06:50.6703514Z ^[[32;1m        PASS^[[0m [   0.284s] (9085/9160) ^[[35;1mty_server::e2e^[[0m ^[[36mpull_diagnostics^[[0m^[[36m::^[[0m^[[34;1mstack_size^[[0m
cargo test (namespace-profile-windows-2022-x86-64-16x32)	UNKNOWN STEP	2026-09-04T03:06:50.6771702Z ^[[32;1m        PASS^[[0m [   0.327s] (9086/9160) ^[[35;1mty_server::e2e^[[0m ^[[36mpull_diagnostics^[[0m^[[36m::^[[0m^[[34;1mloop_carried_rebinding_is_not_reported_unused^[[0m
cargo test (namespace-profile-windows-2022-x86-64-16x32)	UNKNOWN STEP	2026-09-04T03:06:50.6793377Z ^[[32;1m        PASS^[[0m [   0.278s] (9087/9160) ^[[35;1mty_server::e2e^[[0m ^[[36mpull_diagnostics^[[0m^[[36m::^[[0m^[[34;1munreachable_code_has_unnecessary_hint_tag^[[0m
cargo test (namespace-profile-windows-2022-x86-64-16x32)	UNKNOWN STEP	2026-09-04T03:06:50.7099405Z ^[[32;1m        PASS^[[0m [   0.099s] (9088/9160) ^[[35;1mty_server::e2e^[[0m ^[[36mpull_diagnostics^[[0m^[[36m::^[[0m^[[34;1mworkspace_reports_unused_binding_hint_tag^[[0m
cargo test (namespace-profile-windows-2022-x86-64-16x32)	UNKNOWN STEP	2026-09-04T03:06:50.7392893Z ^[[32;1m        PASS^[[0m [   0.224s] (9089/9160) ^[[35;1mty_server::e2e^[[0m ^[[36mpull_diagnostics^[[0m^[[36m::^[[0m^[[34;1mworkspace_diagnostic_streaming^[[0m
cargo test (namespace-profile-windows-2022-x86-64-16x32)	UNKNOWN STEP	2026-09-04T03:06:50.7687745Z ^[[32;1m        PASS^[[0m [   0.098s] (9090/9160) ^[[35;1mty_server::e2e^[[0m ^[[36mrename^[[0m^[[36m::^[[0m^[[34;1mtext_document^[[0m
cargo test (namespace-profile-windows-2022-x86-64-16x32)	UNKNOWN STEP	2026-09-04T03:06:50.7689080Z ^[[32;1m        PASS^[[0m [   0.279s] (9091/9160) ^[[35;1mty_server::e2e^[[0m ^[[36mpull_diagnostics^[[0m^[[36m::^[[0m^[[34;1mworkspace_diagnostic_caching^[[0m
cargo test (namespace-profile-windows-2022-x86-64-16x32)	UNKNOWN STEP	2026-09-04T03:06:50.7864033Z ^[[32;1m        PASS^[[0m [   0.264s] (9092/9160) ^[[35;1mty_server::e2e^[[0m ^[[36mpull_diagnostics^[[0m^[[36m::^[[0m^[[34;1mworkspace_diagnostic_streaming_with_caching^[[0m
cargo test (namespace-profile-windows-2022-x86-64-16x32)	UNKNOWN STEP	2026-09-04T03:06:50.7909413Z ^[[32;1m        PASS^[[0m [   0.307s] (9093/9160) ^[[35;1mty_server::e2e^[[0m ^[[36mpull_diagnostics::uv_metadata^[[0m^[[36m::^[[0m^[[34;1munsaved_script_uses_its_settings_and_keeps_diagnostics^[[0m
cargo test (namespace-profile-windows-2022-x86-64-16x32)	UNKNOWN STEP	2026-09-04T03:06:50.8239354Z ^[[32;1m        PASS^[[0m [   0.287s] (9094/9160) ^[[35;1mty_server::e2e^[[0m ^[[36mpull_diagnostics^[[0m^[[36m::^[[0m^[[34;1mworkspace_reports_current_analysis_unreachable_code_hint_tag^[[0m
cargo test (namespace-profile-windows-2022-x86-64-16x32)	UNKNOWN STEP	2026-09-04T03:06:50.8589327Z ^[[32;1m        PASS^[[0m [   0.271s] (9095/9160) ^[[35;1mty_server::e2e^[[0m ^[[36mpull_diagnostics^[[0m^[[36m::^[[0m^[[34;1mworkspace_reports_unreachable_code_hint_tag^[[0m
cargo test (namespace-profile-windows-2022-x86-64-16x32)	UNKNOWN STEP	2026-09-04T03:06:50.8698342Z ^[[32;1m        PASS^[[0m [   0.079s] (9096/9160) ^[[35;1mty_server::e2e^[[0m ^[[36msemantic_tokens^[[0m^[[36m::^[[0m^[[34;1mscript_metadata_is_highlighted_as_toml^[[0m
cargo test (namespace-profile-windows-2022-x86-64-16x32)	UNKNOWN STEP	2026-09-04T03:06:50.9440792Z ^[[32;1m        PASS^[[0m [   0.232s] (9097/9160) ^[[35;1mty_server::e2e^[[0m ^[[36mscript_preparation^[[0m^[[36m::^[[0m^[[34;1mexclude_scripts_uses_saved_contents_after_close^[[0m
cargo test (namespace-profile-windows-2022-x86-64-16x32)	UNKNOWN STEP	2026-09-04T03:06:50.9441575Z ^[[32;1m        PASS^[[0m [   0.300s] (9098/9160) ^[[35;1mty_server::e2e^[[0m ^[[36mrename^[[0m^[[36m::^[[0m^[[34;1mnotebook^[[0m
cargo test (namespace-profile-windows-2022-x86-64-16x32)	UNKNOWN STEP	2026-09-04T03:06:50.9444406Z ^[[32;1m        PASS^[[0m [   0.265s] (9099/9160) ^[[35;1mty_server::e2e^[[0m ^[[36mscript_preparation^[[0m^[[36m::^[[0m^[[34;1mclosed_scripts_are_prepared_at_startup^[[0m
cargo test (namespace-profile-windows-2022-x86-64-16x32)	UNKNOWN STEP	2026-09-04T03:06:50.9444958Z ^[[32;1m        PASS^[[0m [   0.265s] (9100/9160) ^[[35;1mty_server::e2e^[[0m ^[[36mscript_preparation^[[0m^[[36m::^[[0m^[[34;1mcreated_closed_script_is_prepared_after_a_file_event^[[0m
cargo test (namespace-profile-windows-2022-x86-64-16x32)	UNKNOWN STEP	2026-09-04T03:06:50.9445547Z ^[[32;1m        PASS^[[0m [   0.205s] (9101/9160) ^[[35;1mty_server::e2e^[[0m ^[[36mscript_preparation^[[0m^[[36m::^[[0m^[[34;1mnon_python_overlay_does_not_block_workspace_diagnostics^[[0m
cargo test (namespace-profile-windows-2022-x86-64-16x32)	UNKNOWN STEP	2026-09-04T03:06:50.9999357Z ^[[32;1m        PASS^[[0m [   0.213s] (9102/9160) ^[[35;1mty_server::e2e^[[0m ^[[36msemantic_tokens^[[0m^[[36m::^[[0m^[[34;1mno_stale_tokens_after_opening_the_same_file_with_new_content^[[0m
cargo test (namespace-profile-windows-2022-x86-64-16x32)	UNKNOWN STEP	2026-09-04T03:06:51.0000228Z ^[[32;1m        PASS^[[0m [   0.057s] (9103/9160) ^[[35;1mty_server::e2e^[[0m ^[[36mtype_hierarchy^[[0m^[[36m::^[[0m^[[34;1msimple_supertypes^[[0m
cargo test (namespace-profile-windows-2022-x86-64-16x32)	UNKNOWN STEP	2026-09-04T03:06:51.0167572Z ^[[32;1m        PASS^[[0m [   0.158s] (9104/9160) ^[[35;1mty_server::e2e^[[0m ^[[36mtype_hierarchy^[[0m^[[36m::^[[0m^[[34;1mchained_hierarchy^[[0m
cargo test (namespace-profile-windows-2022-x86-64-16x32)	UNKNOWN STEP	2026-09-04T03:06:51.0168231Z ^[[32;1m        PASS^[[0m [   0.248s] (9105/9160) ^[[35;1mty_server::e2e^[[0m ^[[36msemantic_tokens^[[0m^[[36m::^[[0m^[[34;1mmultiline_token_client_not_supporting_multiline_tokens^[[0m
cargo test (namespace-profile-windows-2022-x86-64-16x32)	UNKNOWN STEP	2026-09-04T03:06:51.0370933Z ^[[32;1m        PASS^[[0m [   0.268s] (9106/9160) ^[[35;1mty_server::e2e^[[0m ^[[36msemantic_tokens^[[0m^[[36m::^[[0m^[[34;1mmultiline_token_client_supporting_multiline_tokens^[[0m
cargo test (namespace-profile-windows-2022-x86-64-16x32)	UNKNOWN STEP	2026-09-04T03:06:51.1249814Z ^[[32;1m        PASS^[[0m [   0.182s] (9107/9160) ^[[35;1mty_server::e2e^[[0m ^[[36mtype_hierarchy^[[0m^[[36m::^[[0m^[[34;1mvendored_supertypes^[[0m
cargo test (namespace-profile-windows-2022-x86-64-16x32)	UNKNOWN STEP	2026-09-04T03:06:51.1300918Z ^[[32;1m        PASS^[[0m [   0.113s] (9108/9160) ^[[35;1mty_server::e2e^[[0m ^[[36mworkspace_folders^[[0m^[[36m::^[[0m^[[34;1mglobal_settings_change^[[0m
cargo test (namespace-profile-windows-2022-x86-64-16x32)	UNKNOWN STEP	2026-09-04T03:06:51.1523120Z ^[[32;1m        PASS^[[0m [   0.328s] (9109/9160) ^[[35;1mty_server::e2e^[[0m ^[[36msignature_help^[[0m^[[36m::^[[0m^[[34;1mworks_in_function_name^[[0m
cargo test (namespace-profile-windows-2022-x86-64-16x32)	UNKNOWN STEP	2026-09-04T03:06:51.1564899Z ^[[32;1m        PASS^[[0m [   0.212s] (9110/9160) ^[[35;1mty_server::e2e^[[0m ^[[36mworkspace_folders^[[0m^[[36m::^[[0m^[[34;1madd_existing_workspace_folder_is_no_op^[[0m
cargo test (namespace-profile-windows-2022-x86-64-16x32)	UNKNOWN STEP	2026-09-04T03:06:51.1619283Z ^[[32;1m        PASS^[[0m [   0.292s] (9111/9160) ^[[35;1mty_server::e2e^[[0m ^[[36mtype_hierarchy^[[0m^[[36m::^[[0m^[[34;1msimple_subtypes^[[0m
cargo test (namespace-profile-windows-2022-x86-64-16x32)	UNKNOWN STEP	2026-09-04T03:06:51.1650740Z ^[[32;1m        PASS^[[0m [   0.148s] (9112/9160) ^[[35;1mty_server::e2e^[[0m ^[[36mworkspace_folders^[[0m^[[36m::^[[0m^[[34;1mglobal_settings_precedence^[[0m
cargo test (namespace-profile-windows-2022-x86-64-16x32)	UNKNOWN STEP	2026-09-04T03:06:51.2939033Z ^[[33;1m        SLOW^[[0m [>  4.000s] (─────────) ^[[35;1mty_python_semantic::mdtest^[[0m ^[[36mmdtest^[[0m^[[36m::^[[0m^[[34;1mtyped_dict.md^[[0m
cargo test (namespace-profile-windows-2022-x86-64-16x32)	UNKNOWN STEP	2026-09-04T03:06:51.3007497Z ^[[32;1m        PASS^[[0m [   0.301s] (9113/9160) ^[[35;1mty_server::e2e^[[0m ^[[36mworkspace_folders^[[0m^[[36m::^[[0m^[[34;1madd_workspace_folder_after_init^[[0m
cargo test (namespace-profile-windows-2022-x86-64-16x32)	UNKNOWN STEP	2026-09-04T03:06:51.3319824Z ^[[32;1m        PASS^[[0m [   0.202s] (9114/9160) ^[[35;1mty_server::e2e^[[0m ^[[36mworkspace_folders^[[0m^[[36m::^[[0m^[[34;1mnested_sibling_workspace_uses_correct_settings^[[0m
cargo test (namespace-profile-windows-2022-x86-64-16x32)	UNKNOWN STEP	2026-09-04T03:06:51.3340605Z ^[[32;1m        PASS^[[0m [   0.297s] (9115/9160) ^[[35;1mty_server::e2e^[[0m ^[[36mworkspace_folders^[[0m^[[36m::^[[0m^[[34;1minitialize_multiple_workspace_folders^[[0m
cargo test (namespace-profile-windows-2022-x86-64-16x32)	UNKNOWN STEP	2026-09-04T03:06:51.3348913Z ^[[32;1m        PASS^[[0m [   0.392s] (9116/9160) ^[[35;1mty_server::e2e^[[0m ^[[36mworkspace_folders^[[0m^[[36m::^[[0m^[[34;1madd_and_remove_workspace_folders^[[0m
cargo test (namespace-profile-windows-2022-x86-64-16x32)	UNKNOWN STEP	2026-09-04T03:06:51.3382289Z ^[[32;1m        PASS^[[0m [   0.006s] (9117/9160) ^[[35;1mty_site_packages^[[0m ^[[36mtests^[[0m^[[36m::^[[0m^[[34;1mcan_find_site_packages_directory_freethreaded_build^[[0m
cargo test (namespace-profile-windows-2022-x86-64-16x32)	UNKNOWN STEP	2026-09-04T03:06:51.3390176Z ^[[32;1m        PASS^[[0m [   0.005s] (9118/9160) ^[[35;1mty_site_packages^[[0m ^[[36mtests^[[0m^[[36m::^[[0m^[[34;1mcan_find_site_packages_directory_no_virtual_env^[[0m
cargo test (namespace-profile-windows-2022-x86-64-16x32)	UNKNOWN STEP	2026-09-04T03:06:51.3395586Z ^[[32;1m        PASS^[[0m [   0.005s] (9119/9160) ^[[35;1mty_site_packages^[[0m ^[[36mtests^[[0m^[[36m::^[[0m^[[34;1mcan_find_site_packages_directory_no_virtual_env_at_origin_self_environment^[[0m
cargo test (namespace-profile-windows-2022-x86-64-16x32)	UNKNOWN STEP	2026-09-04T03:06:51.3426956Z ^[[32;1m        PASS^[[0m [   0.004s] (9120/9160) ^[[35;1mty_site_packages^[[0m ^[[36mtests^[[0m^[[36m::^[[0m^[[34;1mcan_find_site_packages_directory_no_virtual_env_at_origin_uv_metadata^[[0m
cargo test (namespace-profile-windows-2022-x86-64-16x32)	UNKNOWN STEP	2026-09-04T03:06:51.3430456Z ^[[32;1m        PASS^[[0m [   0.004s] (9121/9160) ^[[35;1mty_site_packages^[[0m ^[[36mtests^[[0m^[[36m::^[[0m^[[34;1mcan_find_site_packages_directory_no_virtual_env_freethreaded^[[0m
cargo test (namespace-profile-windows-2022-x86-64-16x32)	UNKNOWN STEP	2026-09-04T03:06:51.3438344Z ^[[32;1m        PASS^[[0m [   0.004s] (9122/9160) ^[[35;1mty_site_packages^[[0m ^[[36mtests^[[0m^[[36m::^[[0m^[[34;1mcan_find_site_packages_directory_uv_style_version_field_in_pyvenv_cfg^[[0m
cargo test (namespace-profile-windows-2022-x86-64-16x32)	UNKNOWN STEP	2026-09-04T03:06:51.3469864Z ^[[32;1m        PASS^[[0m [   0.004s] (9123/9160) ^[[35;1mty_site_packages^[[0m ^[[36mtests^[[0m^[[36m::^[[0m^[[34;1mcan_find_site_packages_directory_venv_style_version_field_in_pyvenv_cfg^[[0m
cargo test (namespace-profile-windows-2022-x86-64-16x32)	UNKNOWN STEP	2026-09-04T03:06:51.3474673Z ^[[32;1m        PASS^[[0m [   0.004s] (9124/9160) ^[[35;1mty_site_packages^[[0m ^[[36mtests^[[0m^[[36m::^[[0m^[[34;1mcan_find_site_packages_directory_virtualenv_style_version_field_in_pyvenv_cfg^[[0m
cargo test (namespace-profile-windows-2022-x86-64-16x32)	UNKNOWN STEP	2026-09-04T03:06:51.3479673Z ^[[32;1m        PASS^[[0m [   0.004s] (9125/9160) ^[[35;1mty_site_packages^[[0m ^[[36mtests^[[0m^[[36m::^[[0m^[[34;1mcannot_find_site_packages_directory^[[0m
cargo test (namespace-profile-windows-2022-x86-64-16x32)	UNKNOWN STEP	2026-09-04T03:06:51.3512936Z ^[[32;1m        PASS^[[0m [   0.004s] (9126/9160) ^[[35;1mty_site_packages^[[0m ^[[36mtests^[[0m^[[36m::^[[0m^[[34;1mcannot_find_site_packages_directory_no_virtual_env_at_origin_local_venv^[[0m
cargo test (namespace-profile-windows-2022-x86-64-16x32)	UNKNOWN STEP	2026-09-04T03:06:51.3514402Z ^[[32;1m        PASS^[[0m [   0.004s] (9127/9160) ^[[35;1mty_site_packages^[[0m ^[[36mtests^[[0m^[[36m::^[[0m^[[34;1mcannot_find_site_packages_directory_no_virtual_env_at_origin_virtual_env_var^[[0m
cargo test (namespace-profile-windows-2022-x86-64-16x32)	UNKNOWN STEP	2026-09-04T03:06:51.3521116Z ^[[32;1m        PASS^[[0m [   0.004s] (9128/9160) ^[[35;1mty_site_packages^[[0m ^[[36mtests^[[0m^[[36m::^[[0m^[[34;1mcannot_read_lib_directory^[[0m
cargo test (namespace-profile-windows-2022-x86-64-16x32)	UNKNOWN STEP	2026-09-04T03:06:51.3555137Z ^[[32;1m        PASS^[[0m [   0.004s] (9129/9160) ^[[35;1mty_site_packages^[[0m ^[[36mtests^[[0m^[[36m::^[[0m^[[34;1mdetects_cpython_implementation^[[0m
cargo test (namespace-profile-windows-2022-x86-64-16x32)	UNKNOWN STEP	2026-09-04T03:06:51.3557880Z ^[[32;1m        PASS^[[0m [   0.004s] (9130/9160) ^[[35;1mty_site_packages^[[0m ^[[36mtests^[[0m^[[36m::^[[0m^[[34;1mdetects_graalpy_implementation^[[0m
cargo test (namespace-profile-windows-2022-x86-64-16x32)	UNKNOWN STEP	2026-09-04T03:06:51.3563806Z ^[[32;1m        PASS^[[0m [   0.004s] (9131/9160) ^[[35;1mty_site_packages^[[0m ^[[36mtests^[[0m^[[36m::^[[0m^[[34;1mdetects_pypy_implementation^[[0m
cargo test (namespace-profile-windows-2022-x86-64-16x32)	UNKNOWN STEP	2026-09-04T03:06:51.3594000Z ^[[32;1m        PASS^[[0m [   0.004s] (9132/9160) ^[[35;1mty_site_packages^[[0m ^[[36mtests^[[0m^[[36m::^[[0m^[[34;1mdetects_unknown_implementation^[[0m
cargo test (namespace-profile-windows-2022-x86-64-16x32)	UNKNOWN STEP	2026-09-04T03:06:51.3604374Z ^[[32;1m        PASS^[[0m [   0.004s] (9133/9160) ^[[35;1mty_site_packages^[[0m ^[[36mtests^[[0m^[[36m::^[[0m^[[34;1mparsing_pyvenv_cfg_with_key_but_no_value_fails^[[0m
cargo test (namespace-profile-windows-2022-x86-64-16x32)	UNKNOWN STEP	2026-09-04T03:06:51.3607032Z ^[[32;1m        PASS^[[0m [   0.005s] (9134/9160) ^[[35;1mty_site_packages^[[0m ^[[36mtests^[[0m^[[36m::^[[0m^[[34;1mfinds_system_site_packages^[[0m
cargo test (namespace-profile-windows-2022-x86-64-16x32)	UNKNOWN STEP	2026-09-04T03:06:51.3637263Z ^[[32;1m        PASS^[[0m [   0.004s] (9135/9160) ^[[35;1mty_site_packages^[[0m ^[[36mtests^[[0m^[[36m::^[[0m^[[34;1mparsing_pyvenv_cfg_with_no_home_key_fails^[[0m
cargo test (namespace-profile-windows-2022-x86-64-16x32)	UNKNOWN STEP	2026-09-04T03:06:51.3656774Z ^[[32;1m        PASS^[[0m [   0.005s] (9136/9160) ^[[35;1mty_site_packages^[[0m ^[[36mtests^[[0m^[[36m::^[[0m^[[34;1mparsing_pyvenv_cfg_with_value_but_no_key_fails^[[0m
cargo test (namespace-profile-windows-2022-x86-64-16x32)	UNKNOWN STEP	2026-09-04T03:06:51.3658324Z ^[[32;1m        PASS^[[0m [   0.005s] (9137/9160) ^[[35;1mty_site_packages^[[0m ^[[36mtests^[[0m^[[36m::^[[0m^[[34;1mpyvenv_cfg_with_carriage_return_line_endings_parses^[[0m
cargo test (namespace-profile-windows-2022-x86-64-16x32)	UNKNOWN STEP	2026-09-04T03:06:51.3662754Z ^[[32;1m        PASS^[[0m [   0.422s] (9138/9160) ^[[35;1mty_server::e2e^[[0m ^[[36mworkspace_folders^[[0m^[[36m::^[[0m^[[34;1madd_multiple_workspace_folders^[[0m
cargo test (namespace-profile-windows-2022-x86-64-16x32)	UNKNOWN STEP	2026-09-04T03:06:51.3680494Z ^[[32;1m        PASS^[[0m [   0.004s] (9139/9160) ^[[35;1mty_site_packages^[[0m ^[[36mtests^[[0m^[[36m::^[[0m^[[34;1mpyvenv_cfg_with_strange_whitespace_parses^[[0m
cargo test (namespace-profile-windows-2022-x86-64-16x32)	UNKNOWN STEP	2026-09-04T03:06:51.3700714Z ^[[32;1m        PASS^[[0m [   0.004s] (9140/9160) ^[[35;1mty_site_packages^[[0m ^[[36mtests^[[0m^[[36m::^[[0m^[[34;1mreject_env_that_does_not_exist^[[0m
cargo test (namespace-profile-windows-2022-x86-64-16x32)	UNKNOWN STEP	2026-09-04T03:06:51.3702895Z ^[[32;1m        PASS^[[0m [   0.004s] (9141/9160) ^[[35;1mty_site_packages^[[0m ^[[36mtests^[[0m^[[36m::^[[0m^[[34;1mreject_env_that_is_not_a_directory^[[0m
cargo test (namespace-profile-windows-2022-x86-64-16x32)	UNKNOWN STEP	2026-09-04T03:06:51.3707121Z ^[[32;1m        PASS^[[0m [   0.004s] (9142/9160) ^[[35;1mty_site_packages^[[0m ^[[36mtests^[[0m^[[36m::^[[0m^[[34;1msite_packages_paths_display^[[0m
cargo test (namespace-profile-windows-2022-x86-64-16x32)	UNKNOWN STEP	2026-09-04T03:06:51.3717159Z ^[[32;1m        PASS^[[0m [   0.004s] (9143/9160) ^[[35;1mty_site_packages^[[0m ^[[36mtests^[[0m^[[36m::^[[0m^[[34;1munresolved_pyvenv_cfg_home_is_nonfatal_without_system_site_packages^[[0m
cargo test (namespace-profile-windows-2022-x86-64-16x32)	UNKNOWN STEP	2026-09-04T03:06:51.3739586Z ^[[32;1m        PASS^[[0m [   0.004s] (9144/9160) ^[[35;1mty_site_packages^[[0m ^[[36mtests^[[0m^[[36m::^[[0m^[[34;1munresolved_pyvenv_cfg_home_with_system_site_packages_fails^[[0m
cargo test (namespace-profile-windows-2022-x86-64-16x32)	UNKNOWN STEP	2026-09-04T03:06:51.3756295Z ^[[32;1m        PASS^[[0m [   0.005s] (9145/9160) ^[[35;1mty_test^[[0m ^[[36mtests^[[0m^[[36m::^[[0m^[[34;1mnormalizes_site_packages_paths_only_in_diagnostic_locations^[[0m
cargo test (namespace-profile-windows-2022-x86-64-16x32)	UNKNOWN STEP	2026-09-04T03:06:51.3765875Z ^[[32;1m        PASS^[[0m [   0.006s] (9146/9160) ^[[35;1mty_test^[[0m ^[[36mtests^[[0m^[[36m::^[[0m^[[34;1mmultiple_sections_with_dependencies_not_allowed^[[0m
cargo test (namespace-profile-windows-2022-x86-64-16x32)	UNKNOWN STEP	2026-09-04T03:06:51.3801236Z ^[[32;1m        PASS^[[0m [   0.006s] (9147/9160) ^[[35;1mty_vendored^[[0m ^[[36mtests^[[0m^[[36m::^[[0m^[[34;1mtypeshed_zip_created_at_build_time^[[0m
cargo test (namespace-profile-windows-2022-x86-64-16x32)	UNKNOWN STEP	2026-09-04T03:06:51.3843456Z ^[[32;1m        PASS^[[0m [   0.013s] (9148/9160) ^[[35;1mty_vendored^[[0m ^[[36mtests^[[0m^[[36m::^[[0m^[[34;1mtypeshed_vfs_consistent_with_vendored_stubs^[[0m
cargo test (namespace-profile-windows-2022-x86-64-16x32)	UNKNOWN STEP	2026-09-04T03:06:51.4373531Z ^[[32;1m        PASS^[[0m [   0.275s] (9149/9160) ^[[35;1mty_server::e2e^[[0m ^[[36mworkspace_folders^[[0m^[[36m::^[[0m^[[34;1mremove_workspace_folder_after_init^[[0m
cargo test (namespace-profile-windows-2022-x86-64-16x32)	UNKNOWN STEP	2026-09-04T03:06:51.4374071Z ^[[32;1m        PASS^[[0m [   0.136s] (9150/9160) ^[[35;1mty_server::e2e^[[0m ^[[36mworkspace_folders^[[0m^[[36m::^[[0m^[[34;1msingle_file_workspace^[[0m
cargo test (namespace-profile-windows-2022-x86-64-16x32)	UNKNOWN STEP	2026-09-04T03:06:51.4509359Z ^[[32;1m        PASS^[[0m [   0.286s] (9151/9160) ^[[35;1mty_server::e2e^[[0m ^[[36mworkspace_folders^[[0m^[[36m::^[[0m^[[34;1mremove_workspace_folder_with_open_document^[[0m
cargo test (namespace-profile-windows-2022-x86-64-16x32)	UNKNOWN STEP	2026-09-04T03:06:51.5018336Z ^[[33;1m        SLOW^[[0m [>  1.000s] (─────────) ^[[35;1mty_server::e2e^[[0m ^[[36mpull_diagnostics^[[0m^[[36m::^[[0m^[[34;1mworkspace_diagnostic_long_polling_responds_on_cancellation^[[0m
cargo test (namespace-profile-windows-2022-x86-64-16x32)	UNKNOWN STEP	2026-09-04T03:06:51.5156496Z ^[[33;1m        SLOW^[[0m [>  1.000s] (─────────) ^[[35;1mty_server::e2e^[[0m ^[[36mpull_diagnostics^[[0m^[[36m::^[[0m^[[34;1mworkspace_diagnostic_long_polling_responds_on_change^[[0m
cargo test (namespace-profile-windows-2022-x86-64-16x32)	UNKNOWN STEP	2026-09-04T03:06:51.5221636Z ^[[33;1m        SLOW^[[0m [>  1.000s] (─────────) ^[[35;1mty_server::e2e^[[0m ^[[36mpull_diagnostics^[[0m^[[36m::^[[0m^[[34;1mworkspace_diagnostic_long_polling_suspend_change_suspend_cycle^[[0m
cargo test (namespace-profile-windows-2022-x86-64-16x32)	UNKNOWN STEP	2026-09-04T03:06:51.5222285Z ^[[33;1m        SLOW^[[0m [>  1.000s] (─────────) ^[[35;1mty_server::e2e^[[0m ^[[36mpull_diagnostics^[[0m^[[36m::^[[0m^[[34;1mworkspace_diagnostic_long_polling_responds_on_shutdown^[[0m
cargo test (namespace-profile-windows-2022-x86-64-16x32)	UNKNOWN STEP	2026-09-04T03:06:51.5246419Z ^[[32;1m        PASS^[[0m [   0.400s] (9152/9160) ^[[35;1mty_server::e2e^[[0m ^[[36mworkspace_folders^[[0m^[[36m::^[[0m^[[34;1mnested_sibling_workspace_uses_correct_project^[[0m
cargo test (namespace-profile-windows-2022-x86-64-16x32)	UNKNOWN STEP	2026-09-04T03:06:51.5333155Z ^[[32;1m        PASS^[[0m [   0.381s] (9153/9160) ^[[35;1mty_server::e2e^[[0m ^[[36mworkspace_folders^[[0m^[[36m::^[[0m^[[34;1mremove_multiple_workspace_folders^[[0m
cargo test (namespace-profile-windows-2022-x86-64-16x32)	UNKNOWN STEP	2026-09-04T03:06:51.6008663Z ^[[32;1m        PASS^[[0m [   0.601s] (9154/9160) ^[[35;1mty_server::e2e^[[0m ^[[36mworkspace_folders^[[0m^[[36m::^[[0m^[[34;1mdifferent_settings^[[0m
cargo test (namespace-profile-windows-2022-x86-64-16x32)	UNKNOWN STEP	2026-09-04T03:06:52.1605076Z ^[[33;1m        SLOW^[[0m [>  1.000s] (─────────) ^[[35;1mty_server::e2e^[[0m ^[[36mworkspace_folders^[[0m^[[36m::^[[0m^[[34;1mremove_only_workspace^[[0m
cargo test (namespace-profile-windows-2022-x86-64-16x32)	UNKNOWN STEP	2026-09-04T03:06:52.3010767Z ^[[33;1m        SLOW^[[0m [>  5.000s] (─────────) ^[[35;1mty_python_semantic::mdtest^[[0m ^[[36mmdtest^[[0m^[[36m::^[[0m^[[34;1mtyped_dict.md^[[0m
cargo test (namespace-profile-windows-2022-x86-64-16x32)	UNKNOWN STEP	2026-09-04T03:06:52.5042660Z ^[[33;1m        SLOW^[[0m [>  2.000s] (─────────) ^[[35;1mty_server::e2e^[[0m ^[[36mpull_diagnostics^[[0m^[[36m::^[[0m^[[34;1mworkspace_diagnostic_long_polling_responds_on_cancellation^[[0m
cargo test (namespace-profile-windows-2022-x86-64-16x32)	UNKNOWN STEP	2026-09-04T03:06:52.5200292Z ^[[33;1m        SLOW^[[0m [>  2.000s] (─────────) ^[[35;1mty_server::e2e^[[0m ^[[36mpull_diagnostics^[[0m^[[36m::^[[0m^[[34;1mworkspace_diagnostic_long_polling_responds_on_change^[[0m
cargo test (namespace-profile-windows-2022-x86-64-16x32)	UNKNOWN STEP	2026-09-04T03:06:52.5511232Z ^[[33;1m        SLOW^[[0m [>  2.000s] (─────────) ^[[35;1mty_server::e2e^[[0m ^[[36mpull_diagnostics^[[0m^[[36m::^[[0m^[[34;1mworkspace_diagnostic_long_polling_responds_on_shutdown^[[0m
cargo test (namespace-profile-windows-2022-x86-64-16x32)	UNKNOWN STEP	2026-09-04T03:06:52.5513042Z ^[[33;1m        SLOW^[[0m [>  2.000s] (─────────) ^[[35;1mty_server::e2e^[[0m ^[[36mpull_diagnostics^[[0m^[[36m::^[[0m^[[34;1mworkspace_diagnostic_long_polling_suspend_change_suspend_cycle^[[0m
cargo test (namespace-profile-windows-2022-x86-64-16x32)	UNKNOWN STEP	2026-09-04T03:06:52.6086541Z ^[[32;1m        PASS^[[0m [   2.113s] (9155/9160) ^[[35;1mty_server::e2e^[[0m ^[[36mpull_diagnostics^[[0m^[[36m::^[[0m^[[34;1mworkspace_diagnostic_long_polling_responds_on_cancellation^[[0m
cargo test (namespace-profile-windows-2022-x86-64-16x32)	UNKNOWN STEP	2026-09-04T03:06:52.6087585Z ^[[32;1m        PASS^[[0m [   2.095s] (9156/9160) ^[[35;1mty_server::e2e^[[0m ^[[36mpull_diagnostics^[[0m^[[36m::^[[0m^[[34;1mworkspace_diagnostic_long_polling_responds_on_shutdown^[[0m
cargo test (namespace-profile-windows-2022-x86-64-16x32)	UNKNOWN STEP	2026-09-04T03:06:52.6234202Z ^[[32;1m        PASS^[[0m [   2.116s] (9157/9160) ^[[35;1mty_server::e2e^[[0m ^[[36mpull_diagnostics^[[0m^[[36m::^[[0m^[[34;1mworkspace_diagnostic_long_polling_responds_on_change^[[0m
cargo test (namespace-profile-windows-2022-x86-64-16x32)	UNKNOWN STEP	2026-09-04T03:06:52.8185419Z ^[[32;1m        PASS^[[0m [   5.536s] (9158/9160) ^[[35;1mty_python_semantic::mdtest^[[0m ^[[36mmdtest^[[0m^[[36m::^[[0m^[[34;1mtyped_dict.md^[[0m
cargo test (namespace-profile-windows-2022-x86-64-16x32)	UNKNOWN STEP	2026-09-04T03:06:53.1770893Z ^[[33;1m        SLOW^[[0m [>  2.000s] (─────────) ^[[35;1mty_server::e2e^[[0m ^[[36mworkspace_folders^[[0m^[[36m::^[[0m^[[34;1mremove_only_workspace^[[0m
cargo test (namespace-profile-windows-2022-x86-64-16x32)	UNKNOWN STEP	2026-09-04T03:06:53.2224378Z ^[[32;1m        PASS^[[0m [   2.066s] (9159/9160) ^[[35;1mty_server::e2e^[[0m ^[[36mworkspace_folders^[[0m^[[36m::^[[0m^[[34;1mremove_only_workspace^[[0m
cargo test (namespace-profile-windows-2022-x86-64-16x32)	UNKNOWN STEP	2026-09-04T03:06:53.5521044Z ^[[33;1m        SLOW^[[0m [>  3.000s] (─────────) ^[[35;1mty_server::e2e^[[0m ^[[36mpull_diagnostics^[[0m^[[36m::^[[0m^[[34;1mworkspace_diagnostic_long_polling_suspend_change_suspend_cycle^[[0m
cargo test (namespace-profile-windows-2022-x86-64-16x32)	UNKNOWN STEP	2026-09-04T03:06:54.5683020Z ^[[33;1m        SLOW^[[0m [>  4.000s] (─────────) ^[[35;1mty_server::e2e^[[0m ^[[36mpull_diagnostics^[[0m^[[36m::^[[0m^[[34;1mworkspace_diagnostic_long_polling_suspend_change_suspend_cycle^[[0m
cargo test (namespace-profile-windows-2022-x86-64-16x32)	UNKNOWN STEP	2026-09-04T03:06:54.6437401Z ^[[32;1m        PASS^[[0m [   4.130s] (9160/9160) ^[[35;1mty_server::e2e^[[0m ^[[36mpull_diagnostics^[[0m^[[36m::^[[0m^[[34;1mworkspace_diagnostic_long_polling_suspend_change_suspend_cycle^[[0m
cargo test (namespace-profile-windows-2022-x86-64-16x32)	UNKNOWN STEP	2026-09-04T03:06:54.6437999Z ────────────
cargo test (namespace-profile-windows-2022-x86-64-16x32)	UNKNOWN STEP	2026-09-04T03:06:54.6438446Z ^[[31;1m     Summary^[[0m [  75.002s] ^[[1m9160^[[0m tests run: ^[[1m9159^[[0m ^[[32;1mpassed^[[0m (^[[1m100^[[0m ^[[33;1mslow^[[0m), ^[[1m1^[[0m ^[[31;1mfailed^[[0m, ^[[1m47^[[0m ^[[33;1mskipped^[[0m
cargo test (namespace-profile-windows-2022-x86-64-16x32)	UNKNOWN STEP	2026-09-04T03:06:54.6454303Z ^[[33;1m        SLOW^[[0m [   1.637s] ( 985/9160) ^[[35;1mruff_annotate_snippets::examples^[[0m ^[[34;1mexpected_type^[[0m
cargo test (namespace-profile-windows-2022-x86-64-16x32)	UNKNOWN STEP	2026-09-04T03:06:54.6454969Z ^[[33;1m        SLOW^[[0m [   1.867s] (1011/9160) ^[[35;1mruff_annotate_snippets::examples^[[0m ^[[34;1mfooter^[[0m
cargo test (namespace-profile-windows-2022-x86-64-16x32)	UNKNOWN STEP	2026-09-04T03:06:54.6455319Z ^[[33;1m        SLOW^[[0m [   2.110s] (1044/9160) ^[[35;1mruff_annotate_snippets::examples^[[0m ^[[34;1mcustom_error^[[0m
cargo test (namespace-profile-windows-2022-x86-64-16x32)	UNKNOWN STEP	2026-09-04T03:06:54.6455814Z ^[[33;1m        SLOW^[[0m [   2.367s] (1078/9160) ^[[35;1mruff_annotate_snippets::examples^[[0m ^[[34;1mformat^[[0m
cargo test (namespace-profile-windows-2022-x86-64-16x32)	UNKNOWN STEP	2026-09-04T03:06:54.6456137Z ^[[33;1m        SLOW^[[0m [   2.626s] (1149/9160) ^[[35;1mruff_annotate_snippets::examples^[[0m ^[[34;1mcustom_level^[[0m
cargo test (namespace-profile-windows-2022-x86-64-16x32)	UNKNOWN STEP	2026-09-04T03:06:54.6456473Z ^[[33;1m        SLOW^[[0m [   2.851s] (1187/9160) ^[[35;1mruff_annotate_snippets::examples^[[0m ^[[34;1melide_header^[[0m
cargo test (namespace-profile-windows-2022-x86-64-16x32)	UNKNOWN STEP	2026-09-04T03:06:54.6457038Z ^[[33;1m        SLOW^[[0m [   3.099s] (1236/9160) ^[[35;1mruff_annotate_snippets::examples^[[0m ^[[34;1mid_hyperlink^[[0m
cargo test (namespace-profile-windows-2022-x86-64-16x32)	UNKNOWN STEP	2026-09-04T03:06:54.6457414Z ^[[33;1m        SLOW^[[0m [   3.391s] (1290/9160) ^[[35;1mruff_annotate_snippets::examples^[[0m ^[[34;1mhighlight_message^[[0m
cargo test (namespace-profile-windows-2022-x86-64-16x32)	UNKNOWN STEP	2026-09-04T03:06:54.6457769Z ^[[33;1m        SLOW^[[0m [   3.672s] (1351/9160) ^[[35;1mruff_annotate_snippets::examples^[[0m ^[[34;1mmulti_suggestion^[[0m
cargo test (namespace-profile-windows-2022-x86-64-16x32)	UNKNOWN STEP	2026-09-04T03:06:54.6458120Z ^[[33;1m        SLOW^[[0m [   3.943s] (1408/9160) ^[[35;1mruff_annotate_snippets::examples^[[0m ^[[34;1mhighlight_source^[[0m
cargo test (namespace-profile-windows-2022-x86-64-16x32)	UNKNOWN STEP	2026-09-04T03:06:54.6458480Z ^[[33;1m        SLOW^[[0m [   4.185s] (1466/9160) ^[[35;1mruff_annotate_snippets::examples^[[0m ^[[34;1mstruct_name_as_context^[[0m
cargo test (namespace-profile-windows-2022-x86-64-16x32)	UNKNOWN STEP	2026-09-04T03:06:54.6458827Z ^[[33;1m        SLOW^[[0m [   4.450s] (1533/9160) ^[[35;1mruff_annotate_snippets::examples^[[0m ^[[34;1mmultislice^[[0m
cargo test (namespace-profile-windows-2022-x86-64-16x32)	UNKNOWN STEP	2026-09-04T03:06:54.6459233Z ^[[33;1m        SLOW^[[0m [   1.152s] (5744/9160) ^[[35;1mty::cli^[[0m ^[[36mpython_environment^[[0m^[[36m::^[[0m^[[34;1mcheck_venv_resolution_with_working_venv^[[0m
cargo test (namespace-profile-windows-2022-x86-64-16x32)	UNKNOWN STEP	2026-09-04T03:06:54.6462989Z ^[[33;1m        SLOW^[[0m [   2.499s] (5885/9160) ^[[35;1mty::cli^[[0m ^[[36mscripts::uv_metadata^[[0m^[[36m::^[[0m^[[34;1mworkspace_dependencies_do_not_apply_to_scripts^[[0m
cargo test (namespace-profile-windows-2022-x86-64-16x32)	UNKNOWN STEP	2026-09-04T03:06:54.6463662Z ^[[33;1m        SLOW^[[0m [   2.532s] (5895/9160) ^[[35;1mty::cli^[[0m ^[[36muv_workspace^[[0m^[[36m::^[[0m^[[34;1mexplicit_workspace_member_directory_uses_workspace_configuration^[[0m
cargo test (namespace-profile-windows-2022-x86-64-16x32)	UNKNOWN STEP	2026-09-04T03:06:54.6464147Z ^[[33;1m        SLOW^[[0m [   2.465s] (5896/9160) ^[[35;1mty::cli^[[0m ^[[36muv_workspace^[[0m^[[36m::^[[0m^[[34;1mfinds_uv_on_path_without_uv_environment_variable^[[0m
cargo test (namespace-profile-windows-2022-x86-64-16x32)	UNKNOWN STEP	2026-09-04T03:06:54.6464594Z ^[[33;1m        SLOW^[[0m [   2.511s] (5897/9160) ^[[35;1mty::cli^[[0m ^[[36muv_workspace^[[0m^[[36m::^[[0m^[[34;1mexternal_workspace_member_uses_workspace_configuration^[[0m
cargo test (namespace-profile-windows-2022-x86-64-16x32)	UNKNOWN STEP	2026-09-04T03:06:54.6465103Z ^[[33;1m        SLOW^[[0m [   2.449s] (5898/9160) ^[[35;1mty::cli^[[0m ^[[36muv_workspace^[[0m^[[36m::^[[0m^[[34;1mforwards_active_environment_to_uv^[[0m
cargo test (namespace-profile-windows-2022-x86-64-16x32)	UNKNOWN STEP	2026-09-04T03:06:54.6465517Z ^[[33;1m        SLOW^[[0m [   2.662s] (5905/9160) ^[[35;1mty::cli^[[0m ^[[36muv_workspace^[[0m^[[36m::^[[0m^[[34;1mreports_uv_workspace_python_version_source^[[0m
cargo test (namespace-profile-windows-2022-x86-64-16x32)	UNKNOWN STEP	2026-09-04T03:06:54.6465939Z ^[[33;1m        SLOW^[[0m [   2.647s] (5912/9160) ^[[35;1mty::cli^[[0m ^[[36muv_workspace^[[0m^[[36m::^[[0m^[[34;1muses_uv_workspace_root_without_checking_siblings^[[0m
cargo test (namespace-profile-windows-2022-x86-64-16x32)	UNKNOWN STEP	2026-09-04T03:06:54.6466366Z ^[[33;1m        SLOW^[[0m [   2.874s] (5913/9160) ^[[35;1mty::cli^[[0m ^[[36muv_workspace^[[0m^[[36m::^[[0m^[[34;1mindirect_dependencies_use_uv_module_ownership^[[0m
cargo test (namespace-profile-windows-2022-x86-64-16x32)	UNKNOWN STEP	2026-09-04T03:06:54.6466784Z ^[[33;1m        SLOW^[[0m [   2.769s] (5914/9160) ^[[35;1mty::cli^[[0m ^[[36muv_workspace^[[0m^[[36m::^[[0m^[[34;1mselected_workspace_member_excludes_nested_member^[[0m
cargo test (namespace-profile-windows-2022-x86-64-16x32)	UNKNOWN STEP	2026-09-04T03:06:54.6467339Z ^[[33;1m        SLOW^[[0m [   3.901s] (5944/9160) ^[[35;1mty::cli^[[0m ^[[36muv_workspace^[[0m^[[36m::^[[0m^[[34;1moverridden_python_environment_disables_dependency_checks^[[0m
cargo test (namespace-profile-windows-2022-x86-64-16x32)	UNKNOWN STEP	2026-09-04T03:06:54.6467795Z ^[[33;1m        SLOW^[[0m [   1.205s] (7284/9160) ^[[35;1mty_ide^[[0m ^[[36mhover::tests^[[0m^[[36m::^[[0m^[[34;1mhover_subscript_slice_literal_bounds_list_variants^[[0m
cargo test (namespace-profile-windows-2022-x86-64-16x32)	UNKNOWN STEP	2026-09-04T03:06:54.6468852Z ^[[33;1m        SLOW^[[0m [   1.698s] (7321/9160) ^[[35;1mty_ide^[[0m ^[[36mhover::tests^[[0m^[[36m::^[[0m^[[34;1mhover_subscript_literal_index_variants^[[0m
cargo test (namespace-profile-windows-2022-x86-64-16x32)	UNKNOWN STEP	2026-09-04T03:06:54.6469270Z ^[[33;1m        SLOW^[[0m [   1.004s] (7717/9160) ^[[35;1mty_ide^[[0m ^[[36mtype_hierarchy::tests^[[0m^[[36m::^[[0m^[[34;1msubtypes_reexport_first_party^[[0m
cargo test (namespace-profile-windows-2022-x86-64-16x32)	UNKNOWN STEP	2026-09-04T03:06:54.6469693Z ^[[33;1m        SLOW^[[0m [   1.061s] (7721/9160) ^[[35;1mty_ide^[[0m ^[[36mtype_hierarchy::tests^[[0m^[[36m::^[[0m^[[34;1mnamedtuple_subtypes_of_namedtuple^[[0m
cargo test (namespace-profile-windows-2022-x86-64-16x32)	UNKNOWN STEP	2026-09-04T03:06:54.6470165Z ^[[33;1m        SLOW^[[0m [   1.086s] (7723/9160) ^[[35;1mty_ide^[[0m ^[[36mtype_hierarchy::tests^[[0m^[[36m::^[[0m^[[34;1mnamedtuple_subtypes_of_tuple^[[0m
cargo test (namespace-profile-windows-2022-x86-64-16x32)	UNKNOWN STEP	2026-09-04T03:06:54.6470584Z ^[[33;1m        SLOW^[[0m [   1.204s] (7737/9160) ^[[35;1mty_ide^[[0m ^[[36mtype_hierarchy::tests^[[0m^[[36m::^[[0m^[[34;1msubtypes_of_object_includes_implicit^[[0m
cargo test (namespace-profile-windows-2022-x86-64-16x32)	UNKNOWN STEP	2026-09-04T03:06:54.6471000Z ^[[33;1m        SLOW^[[0m [   1.241s] (7740/9160) ^[[35;1mty_ide^[[0m ^[[36mtype_hierarchy::tests^[[0m^[[36m::^[[0m^[[34;1msubtypes_all_not_respected^[[0m
cargo test (namespace-profile-windows-2022-x86-64-16x32)	UNKNOWN STEP	2026-09-04T03:06:54.6471508Z ^[[33;1m        SLOW^[[0m [   1.077s] (7741/9160) ^[[35;1mty_ide^[[0m ^[[36mtype_hierarchy::tests^[[0m^[[36m::^[[0m^[[34;1msubtypes_str_conditional_one_direct_subtype^[[0m
cargo test (namespace-profile-windows-2022-x86-64-16x32)	UNKNOWN STEP	2026-09-04T03:06:54.6471942Z ^[[33;1m        SLOW^[[0m [   1.101s] (7743/9160) ^[[35;1mty_ide^[[0m ^[[36mtype_hierarchy::tests^[[0m^[[36m::^[[0m^[[34;1msubtypes_str_conditional_no_duplicates^[[0m
cargo test (namespace-profile-windows-2022-x86-64-16x32)	UNKNOWN STEP	2026-09-04T03:06:54.6472533Z ^[[33;1m        SLOW^[[0m [   1.030s] (7873/9160) ^[[35;1mty_ide^[[0m ^[[36mtype_hierarchy::tests^[[0m^[[36m::^[[0m^[[34;1mthird_party_filtering^[[0m
cargo test (namespace-profile-windows-2022-x86-64-16x32)	UNKNOWN STEP	2026-09-04T03:06:54.6473487Z ^[[33;1m        SLOW^[[0m [   1.695s] (8369/9160) ^[[35;1mty_python_semantic^[[0m ^[[36mtypes::constraints::tests^[[0m^[[36m::^[[0m^[[34;1mprojected_constraint_source_order_is_independent_of_allocation_order^[[0m
cargo test (namespace-profile-windows-2022-x86-64-16x32)	UNKNOWN STEP	2026-09-04T03:06:54.6474125Z ^[[33;1m        SLOW^[[0m [   1.071s] (8444/9160) ^[[35;1mty_python_semantic^[[0m ^[[36mtypes::infer::tests^[[0m^[[36m::^[[0m^[[34;1mimplicit_attribute_preserves_terminal_narrowing_after_many_calls^[[0m
cargo test (namespace-profile-windows-2022-x86-64-16x32)	UNKNOWN STEP	2026-09-04T03:06:54.6474632Z ^[[33;1m        SLOW^[[0m [   1.142s] (8445/9160) ^[[35;1mty_python_semantic^[[0m ^[[36mtypes::infer::tests^[[0m^[[36m::^[[0m^[[34;1mimplicit_attribute_after_many_non_terminal_calls^[[0m
cargo test (namespace-profile-windows-2022-x86-64-16x32)	UNKNOWN STEP	2026-09-04T03:06:54.6475188Z ^[[33;1m        SLOW^[[0m [   1.314s] (8449/9160) ^[[35;1mty_python_semantic^[[0m ^[[36mtypes::infer::tests^[[0m^[[36m::^[[0m^[[34;1mnested_implicit_attribute_graphs_do_not_overflow_stack^[[0m
cargo test (namespace-profile-windows-2022-x86-64-16x32)	UNKNOWN STEP	2026-09-04T03:06:54.6475620Z ^[[33;1m        SLOW^[[0m [   1.065s] (8459/9160) ^[[35;1mty_python_semantic::corpus^[[0m ^[[34;1mlinter_stubs_no_panic^[[0m
cargo test (namespace-profile-windows-2022-x86-64-16x32)	UNKNOWN STEP	2026-09-04T03:06:54.6475951Z ^[[33;1m        SLOW^[[0m [   1.320s] (8466/9160) ^[[35;1mty_python_semantic::corpus^[[0m ^[[34;1mcorpus_no_panic^[[0m
cargo test (namespace-profile-windows-2022-x86-64-16x32)	UNKNOWN STEP	2026-09-04T03:06:54.6476327Z ^[[33;1m        SLOW^[[0m [   1.487s] (8478/9160) ^[[35;1mty_python_semantic::corpus^[[0m ^[[36mtypeshed_no_panic^[[0m^[[36m::^[[0m^[[34;1m_f_k_expects^[[0m
cargo test (namespace-profile-windows-2022-x86-64-16x32)	UNKNOWN STEP	2026-09-04T03:06:54.6476735Z ^[[33;1m        SLOW^[[0m [   1.563s] (8485/9160) ^[[35;1mty_python_semantic::corpus^[[0m ^[[36mtypeshed_no_panic^[[0m^[[36m::^[[0m^[[34;1m_l_p_expects^[[0m
cargo test (namespace-profile-windows-2022-x86-64-16x32)	UNKNOWN STEP	2026-09-04T03:06:54.6477142Z ^[[33;1m        SLOW^[[0m [   1.975s] (8500/9160) ^[[35;1mty_python_semantic::corpus^[[0m ^[[36mtypeshed_no_panic^[[0m^[[36m::^[[0m^[[34;1m_a_z_expects^[[0m
cargo test (namespace-profile-windows-2022-x86-64-16x32)	UNKNOWN STEP	2026-09-04T03:06:54.6477496Z ^[[33;1m        SLOW^[[0m [   2.296s] (8514/9160) ^[[35;1mty_python_semantic::corpus^[[0m ^[[34;1mparser_no_panic^[[0m
cargo test (namespace-profile-windows-2022-x86-64-16x32)	UNKNOWN STEP	2026-09-04T03:06:54.6477857Z ^[[33;1m        SLOW^[[0m [   3.298s] (8580/9160) ^[[35;1mty_python_semantic::corpus^[[0m ^[[36mtypeshed_no_panic^[[0m^[[36m::^[[0m^[[34;1m_a_e_expects^[[0m
cargo test (namespace-profile-windows-2022-x86-64-16x32)	UNKNOWN STEP	2026-09-04T03:06:54.6478260Z ^[[33;1m        SLOW^[[0m [   3.620s] (8593/9160) ^[[35;1mty_python_semantic::corpus^[[0m ^[[36mtypeshed_no_panic^[[0m^[[36m::^[[0m^[[34;1m_q_z_expects^[[0m
cargo test (namespace-profile-windows-2022-x86-64-16x32)	UNKNOWN STEP	2026-09-04T03:06:54.6478667Z ^[[33;1m        SLOW^[[0m [   1.168s] (8615/9160) ^[[35;1mty_python_semantic::mdtest^[[0m ^[[36mmdtest^[[0m^[[36m::^[[0m^[[34;1mannotations/invalid.md^[[0m
cargo test (namespace-profile-windows-2022-x86-64-16x32)	UNKNOWN STEP	2026-09-04T03:06:54.6479062Z ^[[33;1m        SLOW^[[0m [   1.216s] (8624/9160) ^[[35;1mty_python_semantic::mdtest^[[0m ^[[36mmdtest^[[0m^[[36m::^[[0m^[[34;1mannotations/self.md^[[0m
cargo test (namespace-profile-windows-2022-x86-64-16x32)	UNKNOWN STEP	2026-09-04T03:06:54.6479852Z ^[[33;1m        SLOW^[[0m [   1.038s] (8639/9160) ^[[35;1mty_python_semantic::mdtest^[[0m ^[[36mmdtest^[[0m^[[36m::^[[0m^[[34;1mcall/builtins.md^[[0m
cargo test (namespace-profile-windows-2022-x86-64-16x32)	UNKNOWN STEP	2026-09-04T03:06:54.6480241Z ^[[33;1m        SLOW^[[0m [   1.063s] (8641/9160) ^[[35;1mty_python_semantic::mdtest^[[0m ^[[36mmdtest^[[0m^[[36m::^[[0m^[[34;1mcall/methods.md^[[0m
cargo test (namespace-profile-windows-2022-x86-64-16x32)	UNKNOWN STEP	2026-09-04T03:06:54.6480651Z ^[[33;1m        SLOW^[[0m [   1.541s] (8643/9160) ^[[35;1mty_python_semantic::mdtest^[[0m ^[[36mmdtest^[[0m^[[36m::^[[0m^[[34;1mcall/callables_as_descriptors.md^[[0m
cargo test (namespace-profile-windows-2022-x86-64-16x32)	UNKNOWN STEP	2026-09-04T03:06:54.6481114Z ^[[33;1m        SLOW^[[0m [   1.631s] (8646/9160) ^[[35;1mty_python_semantic::mdtest^[[0m ^[[36mmdtest^[[0m^[[36m::^[[0m^[[34;1mcall/constructor.md^[[0m
cargo test (namespace-profile-windows-2022-x86-64-16x32)	UNKNOWN STEP	2026-09-04T03:06:54.6481507Z ^[[33;1m        SLOW^[[0m [   1.758s] (8654/9160) ^[[35;1mty_python_semantic::mdtest^[[0m ^[[36mmdtest^[[0m^[[36m::^[[0m^[[34;1mcall/function.md^[[0m
cargo test (namespace-profile-windows-2022-x86-64-16x32)	UNKNOWN STEP	2026-09-04T03:06:54.6481910Z ^[[33;1m        SLOW^[[0m [   1.766s] (8656/9160) ^[[35;1mty_python_semantic::mdtest^[[0m ^[[36mmdtest^[[0m^[[36m::^[[0m^[[34;1mcall/functools_partial.md^[[0m
cargo test (namespace-profile-windows-2022-x86-64-16x32)	UNKNOWN STEP	2026-09-04T03:06:54.6482309Z ^[[33;1m        SLOW^[[0m [   2.504s] (8658/9160) ^[[35;1mty_python_semantic::mdtest^[[0m ^[[36mmdtest^[[0m^[[36m::^[[0m^[[34;1mattributes.md^[[0m
cargo test (namespace-profile-windows-2022-x86-64-16x32)	UNKNOWN STEP	2026-09-04T03:06:54.6482697Z ^[[33;1m        SLOW^[[0m [   1.551s] (8659/9160) ^[[35;1mty_python_semantic::mdtest^[[0m ^[[36mmdtest^[[0m^[[36m::^[[0m^[[34;1mcall/overloads.md^[[0m
cargo test (namespace-profile-windows-2022-x86-64-16x32)	UNKNOWN STEP	2026-09-04T03:06:54.6483301Z ^[[33;1m        SLOW^[[0m [   2.666s] (8665/9160) ^[[35;1mty_python_semantic::mdtest^[[0m ^[[36mmdtest^[[0m^[[36m::^[[0m^[[34;1mbidirectional.md^[[0m
cargo test (namespace-profile-windows-2022-x86-64-16x32)	UNKNOWN STEP	2026-09-04T03:06:54.6484154Z ^[[33;1m        SLOW^[[0m [   6.801s] (8666/9160) ^[[35;1mty_python_semantic::corpus^[[0m ^[[36mlinter_no_panic^[[0m^[[36m::^[[0m^[[34;1m_q_z_expects^[[0m
cargo test (namespace-profile-windows-2022-x86-64-16x32)	UNKNOWN STEP	2026-09-04T03:06:54.6485070Z ^[[33;1m        SLOW^[[0m [   1.040s] (8698/9160) ^[[35;1mty_python_semantic::mdtest^[[0m ^[[36mmdtest^[[0m^[[36m::^[[0m^[[34;1mdeprecated.md^[[0m
cargo test (namespace-profile-windows-2022-x86-64-16x32)	UNKNOWN STEP	2026-09-04T03:06:54.6485873Z ^[[33;1m        SLOW^[[0m [   1.292s] (8699/9160) ^[[35;1mty_python_semantic::mdtest^[[0m ^[[36mmdtest^[[0m^[[36m::^[[0m^[[34;1mdataclasses/dataclass_transform.md^[[0m
cargo test (namespace-profile-windows-2022-x86-64-16x32)	UNKNOWN STEP	2026-09-04T03:06:54.6486387Z ^[[33;1m        SLOW^[[0m [   1.936s] (8723/9160) ^[[35;1mty_python_semantic::mdtest^[[0m ^[[36mmdtest^[[0m^[[36m::^[[0m^[[34;1mdataclasses/dataclasses.md^[[0m
cargo test (namespace-profile-windows-2022-x86-64-16x32)	UNKNOWN STEP	2026-09-04T03:06:54.6487075Z ^[[33;1m        SLOW^[[0m [   9.061s] (8732/9160) ^[[35;1mty_python_semantic::corpus^[[0m ^[[36mlinter_no_panic^[[0m^[[36m::^[[0m^[[34;1m_p_expects^[[0m
cargo test (namespace-profile-windows-2022-x86-64-16x32)	UNKNOWN STEP	2026-09-04T03:06:54.6487975Z ^[[33;1m        SLOW^[[0m [   1.123s] (8743/9160) ^[[35;1mty_python_semantic::mdtest^[[0m ^[[36mmdtest^[[0m^[[36m::^[[0m^[[34;1mgenerics/legacy/paramspec.md^[[0m
cargo test (namespace-profile-windows-2022-x86-64-16x32)	UNKNOWN STEP	2026-09-04T03:06:54.6488631Z ^[[33;1m        SLOW^[[0m [   1.301s] (8745/9160) ^[[35;1mty_python_semantic::mdtest^[[0m ^[[36mmdtest^[[0m^[[36m::^[[0m^[[34;1mgenerics/legacy/classes.md^[[0m
cargo test (namespace-profile-windows-2022-x86-64-16x32)	UNKNOWN STEP	2026-09-04T03:06:54.6489114Z ^[[33;1m        SLOW^[[0m [   1.631s] (8746/9160) ^[[35;1mty_python_semantic::mdtest^[[0m ^[[36mmdtest^[[0m^[[36m::^[[0m^[[34;1mexternal/sqlmodel.md^[[0m
cargo test (namespace-profile-windows-2022-x86-64-16x32)	UNKNOWN STEP	2026-09-04T03:06:54.6489607Z ^[[33;1m        SLOW^[[0m [   1.078s] (8747/9160) ^[[35;1mty_python_semantic::mdtest^[[0m ^[[36mmdtest^[[0m^[[36m::^[[0m^[[34;1mgenerics/legacy/variance.md^[[0m
cargo test (namespace-profile-windows-2022-x86-64-16x32)	UNKNOWN STEP	2026-09-04T03:06:54.6490091Z ^[[33;1m        SLOW^[[0m [   2.310s] (8748/9160) ^[[35;1mty_python_semantic::mdtest^[[0m ^[[36mmdtest^[[0m^[[36m::^[[0m^[[34;1menums.md^[[0m
cargo test (namespace-profile-windows-2022-x86-64-16x32)	UNKNOWN STEP	2026-09-04T03:06:54.6490565Z ^[[33;1m        SLOW^[[0m [   1.262s] (8749/9160) ^[[35;1mty_python_semantic::mdtest^[[0m ^[[36mmdtest^[[0m^[[36m::^[[0m^[[34;1mgenerics/legacy/typevartuple.md^[[0m
cargo test (namespace-profile-windows-2022-x86-64-16x32)	UNKNOWN STEP	2026-09-04T03:06:54.6491071Z ^[[33;1m        SLOW^[[0m [   1.436s] (8750/9160) ^[[35;1mty_python_semantic::mdtest^[[0m ^[[36mmdtest^[[0m^[[36m::^[[0m^[[34;1mgenerics/legacy/functions.md^[[0m
cargo test (namespace-profile-windows-2022-x86-64-16x32)	UNKNOWN STEP	2026-09-04T03:06:54.6491584Z ^[[33;1m        SLOW^[[0m [   2.080s] (8754/9160) ^[[35;1mty_python_semantic::mdtest^[[0m ^[[36mmdtest^[[0m^[[36m::^[[0m^[[34;1mexternal/sqlalchemy.md^[[0m
cargo test (namespace-profile-windows-2022-x86-64-16x32)	UNKNOWN STEP	2026-09-04T03:06:54.6492081Z ^[[33;1m        SLOW^[[0m [   1.181s] (8769/9160) ^[[35;1mty_python_semantic::mdtest^[[0m ^[[36mmdtest^[[0m^[[36m::^[[0m^[[34;1mgenerics/pep695/variance.md^[[0m
cargo test (namespace-profile-windows-2022-x86-64-16x32)	UNKNOWN STEP	2026-09-04T03:06:54.6493021Z ^[[33;1m        SLOW^[[0m [   1.747s] (8774/9160) ^[[35;1mty_python_semantic::mdtest^[[0m ^[[36mmdtest^[[0m^[[36m::^[[0m^[[34;1mgenerics/pep695/functions.md^[[0m
cargo test (namespace-profile-windows-2022-x86-64-16x32)	UNKNOWN STEP	2026-09-04T03:06:54.6493534Z ^[[33;1m        SLOW^[[0m [   1.466s] (8775/9160) ^[[35;1mty_python_semantic::mdtest^[[0m ^[[36mmdtest^[[0m^[[36m::^[[0m^[[34;1mgenerics/pep695/typevartuple.md^[[0m
cargo test (namespace-profile-windows-2022-x86-64-16x32)	UNKNOWN STEP	2026-09-04T03:06:54.6494040Z ^[[33;1m        SLOW^[[0m [   2.815s] (8781/9160) ^[[35;1mty_python_semantic::mdtest^[[0m ^[[36mmdtest^[[0m^[[36m::^[[0m^[[34;1mgenerics/legacy/callables.md^[[0m
cargo test (namespace-profile-windows-2022-x86-64-16x32)	UNKNOWN STEP	2026-09-04T03:06:54.6494589Z ^[[33;1m        SLOW^[[0m [   1.464s] (8782/9160) ^[[35;1mty_python_semantic::mdtest^[[0m ^[[36mmdtest^[[0m^[[36m::^[[0m^[[34;1mimplicit_type_aliases.md^[[0m
cargo test (namespace-profile-windows-2022-x86-64-16x32)	UNKNOWN STEP	2026-09-04T03:06:54.6495133Z ^[[33;1m        SLOW^[[0m [   2.531s] (8808/9160) ^[[35;1mty_python_semantic::mdtest^[[0m ^[[36mmdtest^[[0m^[[36m::^[[0m^[[34;1mide_support/all_members.md^[[0m
cargo test (namespace-profile-windows-2022-x86-64-16x32)	UNKNOWN STEP	2026-09-04T03:06:54.6495629Z ^[[33;1m        SLOW^[[0m [   1.488s] (8810/9160) ^[[35;1mty_python_semantic::mdtest^[[0m ^[[36mmdtest^[[0m^[[36m::^[[0m^[[34;1mimport/stub_packages.md^[[0m
cargo test (namespace-profile-windows-2022-x86-64-16x32)	UNKNOWN STEP	2026-09-04T03:06:54.6496098Z ^[[33;1m        SLOW^[[0m [   1.349s] (8812/9160) ^[[35;1mty_python_semantic::mdtest^[[0m ^[[36mmdtest^[[0m^[[36m::^[[0m^[[34;1mliskov.md^[[0m
cargo test (namespace-profile-windows-2022-x86-64-16x32)	UNKNOWN STEP	2026-09-04T03:06:54.6496555Z ^[[33;1m        SLOW^[[0m [   1.434s] (8828/9160) ^[[35;1mty_python_semantic::mdtest^[[0m ^[[36mmdtest^[[0m^[[36m::^[[0m^[[34;1mloops/for.md^[[0m
cargo test (namespace-profile-windows-2022-x86-64-16x32)	UNKNOWN STEP	2026-09-04T03:06:54.6497110Z ^[[33;1m        SLOW^[[0m [   5.492s] (8834/9160) ^[[35;1mty_python_semantic::mdtest^[[0m ^[[36mmdtest^[[0m^[[36m::^[[0m^[[34;1mexternal/pydantic.md^[[0m
cargo test (namespace-profile-windows-2022-x86-64-16x32)	UNKNOWN STEP	2026-09-04T03:06:54.6497589Z ^[[33;1m        SLOW^[[0m [   1.659s] (8839/9160) ^[[35;1mty_python_semantic::mdtest^[[0m ^[[36mmdtest^[[0m^[[36m::^[[0m^[[34;1mnamed_tuple.md^[[0m
cargo test (namespace-profile-windows-2022-x86-64-16x32)	UNKNOWN STEP	2026-09-04T03:06:54.6498063Z ^[[33;1m        SLOW^[[0m [   1.103s] (8842/9160) ^[[35;1mty_python_semantic::mdtest^[[0m ^[[36mmdtest^[[0m^[[36m::^[[0m^[[34;1mnarrow/isinstance.md^[[0m
cargo test (namespace-profile-windows-2022-x86-64-16x32)	UNKNOWN STEP	2026-09-04T03:06:54.6498841Z ^[[33;1m        SLOW^[[0m [   1.054s] (8859/9160) ^[[35;1mty_python_semantic::mdtest^[[0m ^[[36mmdtest^[[0m^[[36m::^[[0m^[[34;1moverloads.md^[[0m
cargo test (namespace-profile-windows-2022-x86-64-16x32)	UNKNOWN STEP	2026-09-04T03:06:54.6499440Z ^[[33;1m        SLOW^[[0m [   1.775s] (8861/9160) ^[[35;1mty_python_semantic::mdtest^[[0m ^[[36mmdtest^[[0m^[[36m::^[[0m^[[34;1mnarrow/conditionals/eq.md^[[0m
cargo test (namespace-profile-windows-2022-x86-64-16x32)	UNKNOWN STEP	2026-09-04T03:06:54.6500211Z ^[[33;1m        SLOW^[[0m [   4.800s] (8863/9160) ^[[35;1mty_python_semantic::mdtest^[[0m ^[[36mmdtest^[[0m^[[36m::^[[0m^[[34;1mgenerics/pep695/paramspec.md^[[0m
cargo test (namespace-profile-windows-2022-x86-64-16x32)	UNKNOWN STEP	2026-09-04T03:06:54.6501100Z ^[[33;1m        SLOW^[[0m [   1.036s] (8866/9160) ^[[35;1mty_python_semantic::mdtest^[[0m ^[[36mmdtest^[[0m^[[36m::^[[0m^[[34;1mpep695_type_aliases.md^[[0m
cargo test (namespace-profile-windows-2022-x86-64-16x32)	UNKNOWN STEP	2026-09-04T03:06:54.6501757Z ^[[33;1m        SLOW^[[0m [   2.314s] (8892/9160) ^[[35;1mty_python_semantic::mdtest^[[0m ^[[36mmdtest^[[0m^[[36m::^[[0m^[[34;1mnarrow/match.md^[[0m
cargo test (namespace-profile-windows-2022-x86-64-16x32)	UNKNOWN STEP	2026-09-04T03:06:54.6502285Z ^[[33;1m        SLOW^[[0m [   1.545s] (8919/9160) ^[[35;1mty_python_semantic::mdtest^[[0m ^[[36mmdtest^[[0m^[[36m::^[[0m^[[34;1mregression/constraint_set_ordering.md^[[0m
cargo test (namespace-profile-windows-2022-x86-64-16x32)	UNKNOWN STEP	2026-09-04T03:06:54.6502799Z ^[[33;1m        SLOW^[[0m [   1.502s] (8954/9160) ^[[35;1mty_python_semantic::mdtest^[[0m ^[[36mmdtest^[[0m^[[36m::^[[0m^[[34;1mtype_properties/is_subtype_of.md^[[0m
cargo test (namespace-profile-windows-2022-x86-64-16x32)	UNKNOWN STEP	2026-09-04T03:06:54.6503292Z ^[[33;1m        SLOW^[[0m [   1.029s] (8957/9160) ^[[35;1mty_python_semantic::mdtest^[[0m ^[[36mmdtest^[[0m^[[36m::^[[0m^[[34;1mtype_qualifiers/final.md^[[0m
cargo test (namespace-profile-windows-2022-x86-64-16x32)	UNKNOWN STEP	2026-09-04T03:06:54.6503788Z ^[[33;1m        SLOW^[[0m [   1.677s] (8963/9160) ^[[35;1mty_python_semantic::mdtest^[[0m ^[[36mmdtest^[[0m^[[36m::^[[0m^[[34;1mtype_properties/materialization.md^[[0m
cargo test (namespace-profile-windows-2022-x86-64-16x32)	UNKNOWN STEP	2026-09-04T03:06:54.6504272Z ^[[33;1m        SLOW^[[0m [   3.907s] (8965/9160) ^[[35;1mty_python_semantic::mdtest^[[0m ^[[36mmdtest^[[0m^[[36m::^[[0m^[[34;1mprotocols.md^[[0m
cargo test (namespace-profile-windows-2022-x86-64-16x32)	UNKNOWN STEP	2026-09-04T03:06:54.6504719Z ^[[33;1m        SLOW^[[0m [   1.133s] (8966/9160) ^[[35;1mty_python_semantic::mdtest^[[0m ^[[36mmdtest^[[0m^[[36m::^[[0m^[[34;1mwith/async.md^[[0m
cargo test (namespace-profile-windows-2022-x86-64-16x32)	UNKNOWN STEP	2026-09-04T03:06:54.6505220Z ^[[33;1m        SLOW^[[0m [  18.271s] (8967/9160) ^[[35;1mty_python_semantic::corpus^[[0m ^[[36mlinter_no_panic^[[0m^[[36m::^[[0m^[[34;1m_f_expects^[[0m
cargo test (namespace-profile-windows-2022-x86-64-16x32)	UNKNOWN STEP	2026-09-04T03:06:54.6506077Z ^[[33;1m        SLOW^[[0m [   1.656s] (8978/9160) ^[[35;1mty_python_semantic::mdtest^[[0m ^[[36mmdtest^[[0m^[[36m::^[[0m^[[34;1munpacking.md^[[0m
cargo test (namespace-profile-windows-2022-x86-64-16x32)	UNKNOWN STEP	2026-09-04T03:06:54.6506791Z ^[[33;1m        SLOW^[[0m [   2.113s] (9155/9160) ^[[35;1mty_server::e2e^[[0m ^[[36mpull_diagnostics^[[0m^[[36m::^[[0m^[[34;1mworkspace_diagnostic_long_polling_responds_on_cancellation^[[0m
cargo test (namespace-profile-windows-2022-x86-64-16x32)	UNKNOWN STEP	2026-09-04T03:06:54.6507506Z ^[[33;1m        SLOW^[[0m [   2.095s] (9156/9160) ^[[35;1mty_server::e2e^[[0m ^[[36mpull_diagnostics^[[0m^[[36m::^[[0m^[[34;1mworkspace_diagnostic_long_polling_responds_on_shutdown^[[0m
cargo test (namespace-profile-windows-2022-x86-64-16x32)	UNKNOWN STEP	2026-09-04T03:06:54.6508123Z ^[[33;1m        SLOW^[[0m [   2.116s] (9157/9160) ^[[35;1mty_server::e2e^[[0m ^[[36mpull_diagnostics^[[0m^[[36m::^[[0m^[[34;1mworkspace_diagnostic_long_polling_responds_on_change^[[0m
cargo test (namespace-profile-windows-2022-x86-64-16x32)	UNKNOWN STEP	2026-09-04T03:06:54.6508619Z ^[[33;1m        SLOW^[[0m [   5.536s] (9158/9160) ^[[35;1mty_python_semantic::mdtest^[[0m ^[[36mmdtest^[[0m^[[36m::^[[0m^[[34;1mtyped_dict.md^[[0m
cargo test (namespace-profile-windows-2022-x86-64-16x32)	UNKNOWN STEP	2026-09-04T03:06:54.6509155Z ^[[33;1m        SLOW^[[0m [   2.066s] (9159/9160) ^[[35;1mty_server::e2e^[[0m ^[[36mworkspace_folders^[[0m^[[36m::^[[0m^[[34;1mremove_only_workspace^[[0m
cargo test (namespace-profile-windows-2022-x86-64-16x32)	UNKNOWN STEP	2026-09-04T03:06:54.6509704Z ^[[33;1m        SLOW^[[0m [   4.130s] (9160/9160) ^[[35;1mty_server::e2e^[[0m ^[[36mpull_diagnostics^[[0m^[[36m::^[[0m^[[34;1mworkspace_diagnostic_long_polling_suspend_change_suspend_cycle^[[0m
cargo test (namespace-profile-windows-2022-x86-64-16x32)	UNKNOWN STEP	2026-09-04T03:06:54.6510326Z ^[[31;1m        FAIL^[[0m [   0.142s] (8222/9160) ^[[35;1mty_python_semantic^[[0m ^[[36mtypes::dedicated::pytest::collection::tests^[[0m^[[36m::^[[0m^[[34;1mcollects_function_aliases_and_imports^[[0m
cargo test (namespace-profile-windows-2022-x86-64-16x32)	UNKNOWN STEP	2026-09-04T03:06:54.6510857Z ^[[31;1m ^[[0m ^[[31;1mstdout^[[0m ^[[31;1m───^[[0m
cargo test (namespace-profile-windows-2022-x86-64-16x32)	UNKNOWN STEP	2026-09-04T03:06:54.6511187Z 
cargo test (namespace-profile-windows-2022-x86-64-16x32)	UNKNOWN STEP	2026-09-04T03:06:54.6511818Z     running 1 test
cargo test (namespace-profile-windows-2022-x86-64-16x32)	UNKNOWN STEP	2026-09-04T03:06:54.6512361Z     test types::dedicated::pytest::collection::tests::collects_function_aliases_and_imports ... FAILED
cargo test (namespace-profile-windows-2022-x86-64-16x32)	UNKNOWN STEP	2026-09-04T03:06:54.6512788Z 
cargo test (namespace-profile-windows-2022-x86-64-16x32)	UNKNOWN STEP	2026-09-04T03:06:54.6512930Z     failures:
cargo test (namespace-profile-windows-2022-x86-64-16x32)	UNKNOWN STEP	2026-09-04T03:06:54.6513061Z 
cargo test (namespace-profile-windows-2022-x86-64-16x32)	UNKNOWN STEP	2026-09-04T03:06:54.6513161Z     failures:
cargo test (namespace-profile-windows-2022-x86-64-16x32)	UNKNOWN STEP	2026-09-04T03:06:54.6513396Z         types::dedicated::pytest::collection::tests::collects_function_aliases_and_imports
cargo test (namespace-profile-windows-2022-x86-64-16x32)	UNKNOWN STEP	2026-09-04T03:06:54.6513701Z 
cargo test (namespace-profile-windows-2022-x86-64-16x32)	UNKNOWN STEP	2026-09-04T03:06:54.6514015Z     test result: FAILED. 0 passed; 1 failed; 0 ignored; 0 measured; 459 filtered out; finished in 0.13s
cargo test (namespace-profile-windows-2022-x86-64-16x32)	UNKNOWN STEP	2026-09-04T03:06:54.6514509Z     ^[[0m
cargo test (namespace-profile-windows-2022-x86-64-16x32)	UNKNOWN STEP	2026-09-04T03:06:54.6514796Z ^[[31;1m ^[[0m ^[[31;1mstderr^[[0m ^[[31;1m───^[[0m
cargo test (namespace-profile-windows-2022-x86-64-16x32)	UNKNOWN STEP	2026-09-04T03:06:54.6515083Z 
cargo test (namespace-profile-windows-2022-x86-64-16x32)	UNKNOWN STEP	2026-09-04T03:06:54.6515548Z     ^[[0m^[[31;1mthread 'types::dedicated::pytest::collection::tests::collects_function_aliases_and_imports' (9900) panicked at crates\ty_python_semantic\src\types\dedicated\pytest\collection.rs:737:9:^[[0m
cargo test (namespace-profile-windows-2022-x86-64-16x32)	UNKNOWN STEP	2026-09-04T03:06:54.6516027Z     ^[[31;1massertion `left == right` failed^[[0m
cargo test (namespace-profile-windows-2022-x86-64-16x32)	UNKNOWN STEP	2026-09-04T03:06:54.6516524Z       left: [("test_imported", "check", "\\src\\helpers.py"), ("test_reexported", "check", "\\src\\helpers.py"), ("test_first", "check", "\\src\\test_example.py"), ("test_second", "check", "\\src\\test_example.py"), ("test_method", "check", "\\src\\helpers.py")]
cargo test (namespace-profile-windows-2022-x86-64-16x32)	UNKNOWN STEP	2026-09-04T03:06:54.6517268Z      right: [("test_imported", "check", "/src/helpers.py"), ("test_reexported", "check", "/src/helpers.py"), ("test_first", "check", "/src/test_example.py"), ("test_second", "check", "/src/test_example.py"), ("test_method", "check", "/src/helpers.py")]
cargo test (namespace-profile-windows-2022-x86-64-16x32)	UNKNOWN STEP	2026-09-04T03:06:54.6517837Z     note: run with `RUST_BACKTRACE=1` environment variable to display a backtrace^[[0m
cargo test (namespace-profile-windows-2022-x86-64-16x32)	UNKNOWN STEP	2026-09-04T03:06:54.6518051Z 
cargo test (namespace-profile-windows-2022-x86-64-16x32)	UNKNOWN STEP	2026-09-04T03:06:54.6518211Z ^[[31;1merror^[[0m: test run failed
cargo test (namespace-profile-windows-2022-x86-64-16x32)	UNKNOWN STEP	2026-09-04T03:06:54.6634070Z ##[error]Process completed with exit code 100.
cargo test (namespace-profile-windows-2022-x86-64-16x32)	UNKNOWN STEP	2026-09-04T03:06:54.6728441Z Post job cleanup.
cargo test (namespace-profile-windows-2022-x86-64-16x32)	UNKNOWN STEP	2026-09-04T03:06:54.7589206Z [command]"C:\Program Files\Git\bin\git.exe" version
cargo test (namespace-profile-windows-2022-x86-64-16x32)	UNKNOWN STEP	2026-09-04T03:06:54.7729192Z git version 2.54.0.windows.1
cargo test (namespace-profile-windows-2022-x86-64-16x32)	UNKNOWN STEP	2026-09-04T03:06:54.7763233Z Temporarily overriding HOME='D:\a\_temp\405cb253-69df-4d2f-a41b-3114795081f8' before making global git config changes
cargo test (namespace-profile-windows-2022-x86-64-16x32)	UNKNOWN STEP	2026-09-04T03:06:54.7763869Z Adding repository directory to the temporary git global config as a safe directory
cargo test (namespace-profile-windows-2022-x86-64-16x32)	UNKNOWN STEP	2026-09-04T03:06:54.7770284Z [command]"C:\Program Files\Git\bin\git.exe" config --global --add safe.directory D:\a\ruff\ruff
cargo test (namespace-profile-windows-2022-x86-64-16x32)	UNKNOWN STEP	2026-09-04T03:06:54.7904441Z Removing SSH command configuration
cargo test (namespace-profile-windows-2022-x86-64-16x32)	UNKNOWN STEP	2026-09-04T03:06:54.7913900Z [command]"C:\Program Files\Git\bin\git.exe" config --local --name-only --get-regexp core\.sshCommand
cargo test (namespace-profile-windows-2022-x86-64-16x32)	UNKNOWN STEP	2026-09-04T03:06:54.8053176Z [command]"C:\Program Files\Git\bin\git.exe" submodule foreach --recursive "sh -c \"git config --local --name-only --get-regexp 'core\.sshCommand' && git config --local --unset-all 'core.sshCommand' || :\""
cargo test (namespace-profile-windows-2022-x86-64-16x32)	UNKNOWN STEP	2026-09-04T03:06:55.0698338Z Removing HTTP extra header
cargo test (namespace-profile-windows-2022-x86-64-16x32)	UNKNOWN STEP	2026-09-04T03:06:55.0705906Z [command]"C:\Program Files\Git\bin\git.exe" config --local --name-only --get-regexp http\.https\:\/\/github\.com\/\.extraheader
cargo test (namespace-profile-windows-2022-x86-64-16x32)	UNKNOWN STEP	2026-09-04T03:06:55.0890536Z [command]"C:\Program Files\Git\bin\git.exe" submodule foreach --recursive "sh -c \"git config --local --name-only --get-regexp 'http\.https\:\/\/github\.com\/\.extraheader' && git config --local --unset-all 'http.https://github.com/.extraheader' || :\""
cargo test (namespace-profile-windows-2022-x86-64-16x32)	UNKNOWN STEP	2026-09-04T03:06:55.3329952Z Removing includeIf entries pointing to credentials config files
cargo test (namespace-profile-windows-2022-x86-64-16x32)	UNKNOWN STEP	2026-09-04T03:06:55.3337895Z [command]"C:\Program Files\Git\bin\git.exe" config --local --name-only --get-regexp ^includeIf\.gitdir:
cargo test (namespace-profile-windows-2022-x86-64-16x32)	UNKNOWN STEP	2026-09-04T03:06:55.3461950Z [command]"C:\Program Files\Git\bin\git.exe" submodule foreach --recursive "git config --local --show-origin --name-only --get-regexp remote.origin.url"
cargo test (namespace-profile-windows-2022-x86-64-16x32)	UNKNOWN STEP	2026-09-04T03:06:55.6101707Z Cleaning up orphan processes
cargo test (namespace-profile-windows-2022-x86-64-16x32)	UNKNOWN STEP	2026-09-04T03:06:55.6334982Z Terminate orphan process: pid (7348) (vctip)
