cargo test (namespace-profile-windows-2022-x86-64-16x32)	UNKNOWN STEP	2026-09-04T03:06:31.7141912Z ^[[32;1m        PASS^[[0m [   0.193s] (8910/9160) ^[[35;1mty_python_semantic::mdtest^[[0m ^[[36mmdtest^[[0m^[[36m::^[[0m^[[34;1mtype_compendium/not_t.md^[[0m
cargo test (namespace-profile-windows-2022-x86-64-16x32)	UNKNOWN STEP	2026-09-04T03:06:31.7161782Z ^[[32;1m        PASS^[[0m [   0.805s] (8911/9160) ^[[35;1mty_python_semantic::mdtest^[[0m ^[[36mmdtest^[[0m^[[36m::^[[0m^[[34;1mstatically_known_branches.md^[[0m
cargo test (namespace-profile-windows-2022-x86-64-16x32)	UNKNOWN STEP	2026-09-04T03:06:31.7489247Z ^[[32;1m        PASS^[[0m [   0.344s] (8912/9160) ^[[35;1mty_python_semantic::mdtest^[[0m ^[[36mmdtest^[[0m^[[36m::^[[0m^[[34;1mtype_compendium/integer_literals.md^[[0m
cargo test (namespace-profile-windows-2022-x86-64-16x32)	UNKNOWN STEP	2026-09-04T03:06:31.7539780Z ^[[32;1m        PASS^[[0m [   0.180s] (8913/9160) ^[[35;1mty_python_semantic::mdtest^[[0m ^[[36mmdtest^[[0m^[[36m::^[[0m^[[34;1mtype_compendium/object.md^[[0m
cargo test (namespace-profile-windows-2022-x86-64-16x32)	UNKNOWN STEP	2026-09-04T03:06:31.8456799Z ^[[32;1m        PASS^[[0m [   0.189s] (8914/9160) ^[[35;1mty_python_semantic::mdtest^[[0m ^[[36mmdtest^[[0m^[[36m::^[[0m^[[34;1mtype_of/dynamic.md^[[0m
cargo test (namespace-profile-windows-2022-x86-64-16x32)	UNKNOWN STEP	2026-09-04T03:06:31.8464445Z ^[[32;1m        PASS^[[0m [   0.545s] (8915/9160) ^[[35;1mty_python_semantic::mdtest^[[0m ^[[36mmdtest^[[0m^[[36m::^[[0m^[[34;1mterminal_statements.md^[[0m
cargo test (namespace-profile-windows-2022-x86-64-16x32)	UNKNOWN STEP	2026-09-04T03:06:31.8512291Z ^[[32;1m        PASS^[[0m [   0.723s] (8916/9160) ^[[35;1mty_python_semantic::mdtest^[[0m ^[[36mmdtest^[[0m^[[36m::^[[0m^[[34;1msubscript/tuple.md^[[0m
cargo test (namespace-profile-windows-2022-x86-64-16x32)	UNKNOWN STEP	2026-09-04T03:06:31.8889697Z ^[[32;1m        PASS^[[0m [   0.174s] (8917/9160) ^[[35;1mty_python_semantic::mdtest^[[0m ^[[36mmdtest^[[0m^[[36m::^[[0m^[[34;1mtype_of/typing_dot_Type.md^[[0m
cargo test (namespace-profile-windows-2022-x86-64-16x32)	UNKNOWN STEP	2026-09-04T03:06:31.9403339Z ^[[33;1m        SLOW^[[0m [>  2.000s] (─────────) ^[[35;1mty_python_semantic::mdtest^[[0m ^[[36mmdtest^[[0m^[[36m::^[[0m^[[34;1mprotocols.md^[[0m
cargo test (namespace-profile-windows-2022-x86-64-16x32)	UNKNOWN STEP	2026-09-04T03:06:31.9451465Z ^[[32;1m        PASS^[[0m [   1.417s] (8918/9160) ^[[35;1mty_python_semantic::mdtest^[[0m ^[[36mmdtest^[[0m^[[36m::^[[0m^[[34;1mregression/constraint_set_ordering.md^[[0m
cargo test (namespace-profile-windows-2022-x86-64-16x32)	UNKNOWN STEP	2026-09-04T03:06:31.9463367Z ^[[32;1m        PASS^[[0m [   0.357s] (8919/9160) ^[[35;1mty_python_semantic::mdtest^[[0m ^[[36mmdtest^[[0m^[[36m::^[[0m^[[34;1mtype_display/callable.md^[[0m
cargo test (namespace-profile-windows-2022-x86-64-16x32)	UNKNOWN STEP	2026-09-04T03:06:31.9861865Z ^[[32;1m        PASS^[[0m [   0.680s] (8920/9160) ^[[35;1mty_python_semantic::mdtest^[[0m ^[[36mmdtest^[[0m^[[36m::^[[0m^[[34;1mty_extensions.md^[[0m
cargo test (namespace-profile-windows-2022-x86-64-16x32)	UNKNOWN STEP	2026-09-04T03:06:32.0612253Z ^[[32;1m        PASS^[[0m [   0.462s] (8921/9160) ^[[35;1mty_python_semantic::mdtest^[[0m ^[[36mmdtest^[[0m^[[36m::^[[0m^[[34;1mtype_form.md^[[0m
cargo test (namespace-profile-windows-2022-x86-64-16x32)	UNKNOWN STEP	2026-09-04T03:06:32.1474141Z ^[[33;1m        SLOW^[[0m [> 14.000s] (─────────) ^[[35;1mty_python_semantic::corpus^[[0m ^[[36mlinter_no_panic^[[0m^[[36m::^[[0m^[[34;1m_f_expects^[[0m
cargo test (namespace-profile-windows-2022-x86-64-16x32)	UNKNOWN STEP	2026-09-04T03:06:32.1633575Z ^[[32;1m        PASS^[[0m [   0.175s] (8922/9160) ^[[35;1mty_python_semantic::mdtest^[[0m ^[[36mmdtest^[[0m^[[36m::^[[0m^[[34;1mtype_properties/str_repr.md^[[0m
cargo test (namespace-profile-windows-2022-x86-64-16x32)	UNKNOWN STEP	2026-09-04T03:06:32.2303875Z ^[[32;1m        PASS^[[0m [   0.282s] (8923/9160) ^[[35;1mty_python_semantic::mdtest^[[0m ^[[36mmdtest^[[0m^[[36m::^[[0m^[[34;1mtype_properties/quantification.md^[[0m
cargo test (namespace-profile-windows-2022-x86-64-16x32)	UNKNOWN STEP	2026-09-04T03:06:32.3130292Z ^[[32;1m        PASS^[[0m [   0.617s] (8924/9160) ^[[35;1mty_python_semantic::mdtest^[[0m ^[[36mmdtest^[[0m^[[36m::^[[0m^[[34;1mtype_of/generics.md^[[0m
cargo test (namespace-profile-windows-2022-x86-64-16x32)	UNKNOWN STEP	2026-09-04T03:06:32.3169304Z ^[[32;1m        PASS^[[0m [   0.738s] (8925/9160) ^[[35;1mty_python_semantic::mdtest^[[0m ^[[36mmdtest^[[0m^[[36m::^[[0m^[[34;1mtype_compendium/tuple.md^[[0m
cargo test (namespace-profile-windows-2022-x86-64-16x32)	UNKNOWN STEP	2026-09-04T03:06:32.3200723Z ^[[32;1m        PASS^[[0m [   0.156s] (8926/9160) ^[[35;1mty_python_semantic::mdtest^[[0m ^[[36mmdtest^[[0m^[[36m::^[[0m^[[34;1mtype_properties/tuples_containing_never.md^[[0m
cargo test (namespace-profile-windows-2022-x86-64-16x32)	UNKNOWN STEP	2026-09-04T03:06:32.3678109Z ^[[32;1m        PASS^[[0m [   0.651s] (8927/9160) ^[[35;1mty_python_semantic::mdtest^[[0m ^[[36mmdtest^[[0m^[[36m::^[[0m^[[34;1mtype_properties/constraints.md^[[0m
cargo test (namespace-profile-windows-2022-x86-64-16x32)	UNKNOWN STEP	2026-09-04T03:06:32.3688473Z ^[[32;1m        PASS^[[0m [   0.622s] (8928/9160) ^[[35;1mty_python_semantic::mdtest^[[0m ^[[36mmdtest^[[0m^[[36m::^[[0m^[[34;1mtype_properties/implies_subtype_of.md^[[0m
cargo test (namespace-profile-windows-2022-x86-64-16x32)	UNKNOWN STEP	2026-09-04T03:06:32.4149405Z ^[[32;1m        PASS^[[0m [   0.766s] (8929/9160) ^[[35;1mty_python_semantic::mdtest^[[0m ^[[36mmdtest^[[0m^[[36m::^[[0m^[[34;1mtype_of/basic.md^[[0m
cargo test (namespace-profile-windows-2022-x86-64-16x32)	UNKNOWN STEP	2026-09-04T03:06:32.4469821Z ^[[32;1m        PASS^[[0m [   0.595s] (8930/9160) ^[[35;1mty_python_semantic::mdtest^[[0m ^[[36mmdtest^[[0m^[[36m::^[[0m^[[34;1mtype_properties/is_singleton.md^[[0m
cargo test (namespace-profile-windows-2022-x86-64-16x32)	UNKNOWN STEP	2026-09-04T03:06:32.4530880Z ^[[32;1m        PASS^[[0m [   0.393s] (8931/9160) ^[[35;1mty_python_semantic::mdtest^[[0m ^[[36mmdtest^[[0m^[[36m::^[[0m^[[34;1mtype_properties/truthiness.md^[[0m
cargo test (namespace-profile-windows-2022-x86-64-16x32)	UNKNOWN STEP	2026-09-04T03:06:32.4903050Z ^[[32;1m        PASS^[[0m [   0.642s] (8932/9160) ^[[35;1mty_python_semantic::mdtest^[[0m ^[[36mmdtest^[[0m^[[36m::^[[0m^[[34;1mtype_properties/is_equivalent_to.md^[[0m
cargo test (namespace-profile-windows-2022-x86-64-16x32)	UNKNOWN STEP	2026-09-04T03:06:32.5286595Z ^[[32;1m        PASS^[[0m [   0.158s] (8933/9160) ^[[35;1mty_python_semantic::mdtest^[[0m ^[[36mmdtest^[[0m^[[36m::^[[0m^[[34;1munary/integers.md^[[0m
cargo test (namespace-profile-windows-2022-x86-64-16x32)	UNKNOWN STEP	2026-09-04T03:06:32.5733588Z ^[[32;1m        PASS^[[0m [   0.818s] (8934/9160) ^[[35;1mty_python_semantic::mdtest^[[0m ^[[36mmdtest^[[0m^[[36m::^[[0m^[[34;1mtype_properties/is_assignable_to.md^[[0m
cargo test (namespace-profile-windows-2022-x86-64-16x32)	UNKNOWN STEP	2026-09-04T03:06:32.5855642Z ^[[32;1m        PASS^[[0m [   0.173s] (8935/9160) ^[[35;1mty_python_semantic::mdtest^[[0m ^[[36mmdtest^[[0m^[[36m::^[[0m^[[34;1munary/invert_add_usub.md^[[0m
cargo test (namespace-profile-windows-2022-x86-64-16x32)	UNKNOWN STEP	2026-09-04T03:06:32.5950705Z ^[[32;1m        PASS^[[0m [   0.228s] (8936/9160) ^[[35;1mty_python_semantic::mdtest^[[0m ^[[36mmdtest^[[0m^[[36m::^[[0m^[[34;1munary/custom.md^[[0m
cargo test (namespace-profile-windows-2022-x86-64-16x32)	UNKNOWN STEP	2026-09-04T03:06:32.6029574Z ^[[32;1m        PASS^[[0m [   0.008s] (8937/9160) ^[[35;1mty_server^[[0m ^[[36mdocument::text_document::tests^[[0m^[[36m::^[[0m^[[34;1mredo_edit^[[0m
cargo test (namespace-profile-windows-2022-x86-64-16x32)	UNKNOWN STEP	2026-09-04T03:06:32.6109234Z ^[[32;1m        PASS^[[0m [   0.008s] (8938/9160) ^[[35;1mty_server^[[0m ^[[36mserver::script_progress::tests^[[0m^[[36m::^[[0m^[[34;1mscript_progress_counts_pending_scripts_and_shows_last_started^[[0m
cargo test (namespace-profile-windows-2022-x86-64-16x32)	UNKNOWN STEP	2026-09-04T03:06:32.6178056Z ^[[32;1m        PASS^[[0m [   0.007s] (8939/9160) ^[[35;1mty_server^[[0m ^[[36msession::tests^[[0m^[[36m::^[[0m^[[34;1mdetached_command_executor_does_not_retain_document_index^[[0m
cargo test (namespace-profile-windows-2022-x86-64-16x32)	UNKNOWN STEP	2026-09-04T03:06:32.6240131Z ^[[32;1m        PASS^[[0m [   0.006s] (8940/9160) ^[[35;1mty_server^[[0m ^[[36msession::tests^[[0m^[[36m::^[[0m^[[34;1mdetached_untrusted_executor_rejects_commands^[[0m
cargo test (namespace-profile-windows-2022-x86-64-16x32)	UNKNOWN STEP	2026-09-04T03:06:32.6680724Z ^[[32;1m        PASS^[[0m [   0.352s] (8941/9160) ^[[35;1mty_python_semantic::mdtest^[[0m ^[[36mmdtest^[[0m^[[36m::^[[0m^[[34;1mtype_qualifiers/initvar.md^[[0m
cargo test (namespace-profile-windows-2022-x86-64-16x32)	UNKNOWN STEP	2026-09-04T03:06:32.6908721Z ^[[32;1m        PASS^[[0m [   0.245s] (8942/9160) ^[[35;1mty_python_semantic::mdtest^[[0m ^[[36mmdtest^[[0m^[[36m::^[[0m^[[34;1munary/not.md^[[0m
cargo test (namespace-profile-windows-2022-x86-64-16x32)	UNKNOWN STEP	2026-09-04T03:06:32.7010925Z ^[[32;1m        PASS^[[0m [   0.854s] (8943/9160) ^[[35;1mty_python_semantic::mdtest^[[0m ^[[36mmdtest^[[0m^[[36m::^[[0m^[[34;1mtype_properties/is_disjoint_from.md^[[0m
cargo test (namespace-profile-windows-2022-x86-64-16x32)	UNKNOWN STEP	2026-09-04T03:06:32.7602572Z ^[[32;1m        PASS^[[0m [   0.532s] (8944/9160) ^[[35;1mty_python_semantic::mdtest^[[0m ^[[36mmdtest^[[0m^[[36m::^[[0m^[[34;1mtype_qualifiers/classvar.md^[[0m
cargo test (namespace-profile-windows-2022-x86-64-16x32)	UNKNOWN STEP	2026-09-04T03:06:32.7642022Z ^[[32;1m        PASS^[[0m [   0.141s] (8945/9160) ^[[35;1mty_server::e2e^[[0m ^[[36mcall_hierarchy^[[0m^[[36m::^[[0m^[[34;1mincoming_calls_multi_file^[[0m
cargo test (namespace-profile-windows-2022-x86-64-16x32)	UNKNOWN STEP	2026-09-04T03:06:32.7642534Z ^[[32;1m        PASS^[[0m [   0.096s] (8946/9160) ^[[35;1mty_server::e2e^[[0m ^[[36mcall_hierarchy^[[0m^[[36m::^[[0m^[[34;1moutgoing_calls^[[0m
cargo test (namespace-profile-windows-2022-x86-64-16x32)	UNKNOWN STEP	2026-09-04T03:06:32.7799603Z ^[[32;1m        PASS^[[0m [   0.089s] (8947/9160) ^[[35;1mty_server::e2e^[[0m ^[[36mcall_hierarchy^[[0m^[[36m::^[[0m^[[34;1mprepare_function^[[0m
cargo test (namespace-profile-windows-2022-x86-64-16x32)	UNKNOWN STEP	2026-09-04T03:06:32.9148007Z ^[[33;1m        SLOW^[[0m [>  1.000s] (─────────) ^[[35;1mty_python_semantic::mdtest^[[0m ^[[36mmdtest^[[0m^[[36m::^[[0m^[[34;1mtype_properties/is_subtype_of.md^[[0m
cargo test (namespace-profile-windows-2022-x86-64-16x32)	UNKNOWN STEP	2026-09-04T03:06:32.9286507Z ^[[32;1m        PASS^[[0m [   0.228s] (8948/9160) ^[[35;1mty_server::e2e^[[0m ^[[36mcode_actions^[[0m^[[36m::^[[0m^[[34;1mcode_action^[[0m
cargo test (namespace-profile-windows-2022-x86-64-16x32)	UNKNOWN STEP	2026-09-04T03:06:32.9520327Z ^[[33;1m        SLOW^[[0m [>  3.000s] (─────────) ^[[35;1mty_python_semantic::mdtest^[[0m ^[[36mmdtest^[[0m^[[36m::^[[0m^[[34;1mprotocols.md^[[0m
cargo test (namespace-profile-windows-2022-x86-64-16x32)	UNKNOWN STEP	2026-09-04T03:06:32.9520917Z ^[[33;1m        SLOW^[[0m [>  1.000s] (─────────) ^[[35;1mty_python_semantic::mdtest^[[0m ^[[36mmdtest^[[0m^[[36m::^[[0m^[[34;1mtype_properties/materialization.md^[[0m
cargo test (namespace-profile-windows-2022-x86-64-16x32)	UNKNOWN STEP	2026-09-04T03:06:32.9833258Z ^[[32;1m        PASS^[[0m [   0.530s] (8949/9160) ^[[35;1mty_python_semantic::mdtest^[[0m ^[[36mmdtest^[[0m^[[36m::^[[0m^[[34;1munion_types.md^[[0m
cargo test (namespace-profile-windows-2022-x86-64-16x32)	UNKNOWN STEP	2026-09-04T03:06:32.9833854Z ^[[32;1m        PASS^[[0m [   0.203s] (8950/9160) ^[[35;1mty_server::e2e^[[0m ^[[36mcode_actions^[[0m^[[36m::^[[0m^[[34;1mcode_action_possible_missing_submodule_attribute^[[0m
cargo test (namespace-profile-windows-2022-x86-64-16x32)	UNKNOWN STEP	2026-09-04T03:06:32.9977916Z ^[[32;1m        PASS^[[0m [   0.232s] (8951/9160) ^[[35;1mty_server::e2e^[[0m ^[[36mcode_actions^[[0m^[[36m::^[[0m^[[34;1mcode_action_invalid_string_annotations^[[0m
cargo test (namespace-profile-windows-2022-x86-64-16x32)	UNKNOWN STEP	2026-09-04T03:06:33.0210996Z ^[[32;1m        PASS^[[0m [   1.134s] (8952/9160) ^[[35;1mty_python_semantic::mdtest^[[0m ^[[36mmdtest^[[0m^[[36m::^[[0m^[[34;1mtype_properties/is_subtype_of.md^[[0m
cargo test (namespace-profile-windows-2022-x86-64-16x32)	UNKNOWN STEP	2026-09-04T03:06:33.0540429Z ^[[32;1m        PASS^[[0m [   0.293s] (8953/9160) ^[[35;1mty_server::e2e^[[0m ^[[36mcode_actions^[[0m^[[36m::^[[0m^[[34;1mcode_action_attribute_access_on_unimported^[[0m
cargo test (namespace-profile-windows-2022-x86-64-16x32)	UNKNOWN STEP	2026-09-04T03:06:33.0541100Z ^[[32;1m        PASS^[[0m [   0.289s] (8954/9160) ^[[35;1mty_server::e2e^[[0m ^[[36mcode_actions^[[0m^[[36m::^[[0m^[[34;1mcode_action_existing_import_undefined_decorator^[[0m
cargo test (namespace-profile-windows-2022-x86-64-16x32)	UNKNOWN STEP	2026-09-04T03:06:33.1050184Z ^[[33;1m        SLOW^[[0m [> 15.000s] (─────────) ^[[35;1mty_python_semantic::corpus^[[0m ^[[36mlinter_no_panic^[[0m^[[36m::^[[0m^[[34;1m_f_expects^[[0m
cargo test (namespace-profile-windows-2022-x86-64-16x32)	UNKNOWN STEP	2026-09-04T03:06:33.2133854Z ^[[32;1m        PASS^[[0m [   0.899s] (8955/9160) ^[[35;1mty_python_semantic::mdtest^[[0m ^[[36mmdtest^[[0m^[[36m::^[[0m^[[34;1mtype_qualifiers/final.md^[[0m
cargo test (namespace-profile-windows-2022-x86-64-16x32)	UNKNOWN STEP	2026-09-04T03:06:33.2204082Z ^[[32;1m        PASS^[[0m [   0.166s] (8956/9160) ^[[35;1mty_server::e2e^[[0m ^[[36mcommands^[[0m^[[36m::^[[0m^[[34;1mdebug_command^[[0m
cargo test (namespace-profile-windows-2022-x86-64-16x32)	UNKNOWN STEP	2026-09-04T03:06:33.2222386Z ^[[32;1m        PASS^[[0m [   0.239s] (8957/9160) ^[[35;1mty_server::e2e^[[0m ^[[36mcode_actions^[[0m^[[36m::^[[0m^[[34;1mcode_action_unsafe_fix^[[0m
cargo test (namespace-profile-windows-2022-x86-64-16x32)	UNKNOWN STEP	2026-09-04T03:06:33.2229423Z ^[[32;1m        PASS^[[0m [   0.202s] (8958/9160) ^[[35;1mty_server::e2e^[[0m ^[[36mcode_actions^[[0m^[[36m::^[[0m^[[34;1mno_code_action_for_non_overlapping_range_on_same_line^[[0m
cargo test (namespace-profile-windows-2022-x86-64-16x32)	UNKNOWN STEP	2026-09-04T03:06:33.2939154Z ^[[32;1m        PASS^[[0m [   0.297s] (8959/9160) ^[[35;1mty_server::e2e^[[0m ^[[36mcode_actions^[[0m^[[36m::^[[0m^[[34;1mcode_action_with_full_diagnostic_output_link^[[0m
cargo test (namespace-profile-windows-2022-x86-64-16x32)	UNKNOWN STEP	2026-09-04T03:06:33.2955896Z ^[[32;1m        PASS^[[0m [   0.310s] (8960/9160) ^[[35;1mty_server::e2e^[[0m ^[[36mcode_actions^[[0m^[[36m::^[[0m^[[34;1mcode_action_undefined_reference_multi^[[0m
cargo test (namespace-profile-windows-2022-x86-64-16x32)	UNKNOWN STEP	2026-09-04T03:06:33.2956471Z ^[[32;1m        PASS^[[0m [   0.368s] (8961/9160) ^[[35;1mty_server::e2e^[[0m ^[[36mcode_actions^[[0m^[[36m::^[[0m^[[34;1mcode_action_undefined_decorator^[[0m
cargo test (namespace-profile-windows-2022-x86-64-16x32)	UNKNOWN STEP	2026-09-04T03:06:33.3203143Z ^[[33;1m        SLOW^[[0m [>  1.000s] (─────────) ^[[35;1mty_python_semantic::mdtest^[[0m ^[[36mmdtest^[[0m^[[36m::^[[0m^[[34;1mtyped_dict.md^[[0m
cargo test (namespace-profile-windows-2022-x86-64-16x32)	UNKNOWN STEP	2026-09-04T03:06:33.3249775Z ^[[32;1m        PASS^[[0m [   0.739s] (8962/9160) ^[[35;1mty_python_semantic::mdtest^[[0m ^[[36mmdtest^[[0m^[[36m::^[[0m^[[34;1mwith/sync.md^[[0m
cargo test (namespace-profile-windows-2022-x86-64-16x32)	UNKNOWN STEP	2026-09-04T03:06:33.3402697Z ^[[32;1m        PASS^[[0m [   0.812s] (8963/9160) ^[[35;1mty_python_semantic::mdtest^[[0m ^[[36mmdtest^[[0m^[[36m::^[[0m^[[34;1munreachable.md^[[0m
cargo test (namespace-profile-windows-2022-x86-64-16x32)	UNKNOWN STEP	2026-09-04T03:06:33.4511082Z ^[[32;1m        PASS^[[0m [   3.555s] (8964/9160) ^[[35;1mty_python_semantic::mdtest^[[0m ^[[36mmdtest^[[0m^[[36m::^[[0m^[[34;1mprotocols.md^[[0m
cargo test (namespace-profile-windows-2022-x86-64-16x32)	UNKNOWN STEP	2026-09-04T03:06:33.5318019Z ^[[33;1m        SLOW^[[0m [>  1.000s] (─────────) ^[[35;1mty_python_semantic::mdtest^[[0m ^[[36mmdtest^[[0m^[[36m::^[[0m^[[34;1munpacking.md^[[0m
cargo test (namespace-profile-windows-2022-x86-64-16x32)	UNKNOWN STEP	2026-09-04T03:06:33.5318603Z ^[[32;1m        PASS^[[0m [   1.586s] (8965/9160) ^[[35;1mty_python_semantic::mdtest^[[0m ^[[36mmdtest^[[0m^[[36m::^[[0m^[[34;1mtype_properties/materialization.md^[[0m
cargo test (namespace-profile-windows-2022-x86-64-16x32)	UNKNOWN STEP	2026-09-04T03:06:33.5348072Z ^[[32;1m        PASS^[[0m [   0.963s] (8966/9160) ^[[35;1mty_python_semantic::mdtest^[[0m ^[[36mmdtest^[[0m^[[36m::^[[0m^[[34;1mwith/async.md^[[0m
cargo test (namespace-profile-windows-2022-x86-64-16x32)	UNKNOWN STEP	2026-09-04T03:06:33.6537413Z ^[[32;1m        PASS^[[0m [   0.584s] (8967/9160) ^[[35;1mty_server::e2e^[[0m ^[[36mcompletions^[[0m^[[36m::^[[0m^[[34;1mauto_import_shows_qualification^[[0m
cargo test (namespace-profile-windows-2022-x86-64-16x32)	UNKNOWN STEP	2026-09-04T03:06:33.8665674Z ^[[32;1m        PASS^[[0m [   0.647s] (8968/9160) ^[[35;1mty_server::e2e^[[0m ^[[36mcompletions^[[0m^[[36m::^[[0m^[[34;1mcomplete_function_parentheses^[[0m
cargo test (namespace-profile-windows-2022-x86-64-16x32)	UNKNOWN STEP	2026-09-04T03:06:33.8700160Z ^[[32;1m        PASS^[[0m [   0.545s] (8969/9160) ^[[35;1mty_server::e2e^[[0m ^[[36mcompletions^[[0m^[[36m::^[[0m^[[34;1mdisable_auto_import^[[0m
cargo test (namespace-profile-windows-2022-x86-64-16x32)	UNKNOWN STEP	2026-09-04T03:06:33.9133503Z ^[[32;1m        PASS^[[0m [   0.685s] (8970/9160) ^[[35;1mty_server::e2e^[[0m ^[[36mcompletions^[[0m^[[36m::^[[0m^[[34;1mcomplete_function_parentheses_preserves_qualified_label^[[0m
cargo test (namespace-profile-windows-2022-x86-64-16x32)	UNKNOWN STEP	2026-09-04T03:06:33.9134127Z ^[[32;1m        PASS^[[0m [   0.690s] (8971/9160) ^[[35;1mty_server::e2e^[[0m ^[[36mcompletions^[[0m^[[36m::^[[0m^[[34;1mcomplete_function_parentheses_disabled_by_default^[[0m
cargo test (namespace-profile-windows-2022-x86-64-16x32)	UNKNOWN STEP	2026-09-04T03:06:33.9250782Z ^[[32;1m        PASS^[[0m [   0.711s] (8972/9160) ^[[35;1mty_server::e2e^[[0m ^[[36mcompletions^[[0m^[[36m::^[[0m^[[34;1mauto_import_shows_qualification_and_import^[[0m
cargo test (namespace-profile-windows-2022-x86-64-16x32)	UNKNOWN STEP	2026-09-04T03:06:33.9361663Z ^[[32;1m        PASS^[[0m [   0.643s] (8973/9160) ^[[35;1mty_server::e2e^[[0m ^[[36mcompletions^[[0m^[[36m::^[[0m^[[34;1mcomplete_function_parentheses_without_snippet_support^[[0m
cargo test (namespace-profile-windows-2022-x86-64-16x32)	UNKNOWN STEP	2026-09-04T03:06:33.9362217Z ^[[32;1m        PASS^[[0m [   0.640s] (8974/9160) ^[[35;1mty_server::e2e^[[0m ^[[36mcompletions^[[0m^[[36m::^[[0m^[[34;1mdefault_auto_import^[[0m
cargo test (namespace-profile-windows-2022-x86-64-16x32)	UNKNOWN STEP	2026-09-04T03:06:33.9362723Z ^[[33;1m        SKIP^[[0m [         ] (─────────) ^[[35;1mty_server::e2e^[[0m ^[[36mconfiguration^[[0m^[[36m::^[[0m^[[34;1munsupported_inferred_python_version_setting_diagnostic^[[0m
cargo test (namespace-profile-windows-2022-x86-64-16x32)	UNKNOWN STEP	2026-09-04T03:06:33.9363311Z ^[[33;1m        SKIP^[[0m [         ] (─────────) ^[[35;1mty_server::e2e^[[0m ^[[36mconfiguration^[[0m^[[36m::^[[0m^[[34;1munsupported_inferred_python_version_setting_diagnostic_for_system_interpreter^[[0m
cargo test (namespace-profile-windows-2022-x86-64-16x32)	UNKNOWN STEP	2026-09-04T03:06:33.9572494Z ^[[32;1m        PASS^[[0m [   0.664s] (8975/9160) ^[[35;1mty_server::e2e^[[0m ^[[36mcompletions^[[0m^[[36m::^[[0m^[[34;1mcomplete_function_parentheses_without_command_support^[[0m
cargo test (namespace-profile-windows-2022-x86-64-16x32)	UNKNOWN STEP	2026-09-04T03:06:33.9684943Z ^[[32;1m        PASS^[[0m [   0.630s] (8976/9160) ^[[35;1mty_server::e2e^[[0m ^[[36mcompletions^[[0m^[[36m::^[[0m^[[34;1mdocumentation_prefers_markdown_when_listed_first^[[0m
cargo test (namespace-profile-windows-2022-x86-64-16x32)	UNKNOWN STEP	2026-09-04T03:06:34.0690737Z ^[[32;1m        PASS^[[0m [   0.104s] (8977/9160) ^[[35;1mty_server::e2e^[[0m ^[[36mfolding_range^[[0m^[[36m::^[[0m^[[34;1mfolding_range_basic_functionality^[[0m
cargo test (namespace-profile-windows-2022-x86-64-16x32)	UNKNOWN STEP	2026-09-04T03:06:34.0781227Z ^[[32;1m        PASS^[[0m [   1.587s] (8978/9160) ^[[35;1mty_python_semantic::mdtest^[[0m ^[[36mmdtest^[[0m^[[36m::^[[0m^[[34;1munpacking.md^[[0m
cargo test (namespace-profile-windows-2022-x86-64-16x32)	UNKNOWN STEP	2026-09-04T03:06:34.1072014Z ^[[33;1m        SLOW^[[0m [> 16.000s] (─────────) ^[[35;1mty_python_semantic::corpus^[[0m ^[[36mlinter_no_panic^[[0m^[[36m::^[[0m^[[34;1m_f_expects^[[0m
cargo test (namespace-profile-windows-2022-x86-64-16x32)	UNKNOWN STEP	2026-09-04T03:06:34.1224312Z ^[[32;1m        PASS^[[0m [   0.591s] (8979/9160) ^[[35;1mty_server::e2e^[[0m ^[[36mcompletions^[[0m^[[36m::^[[0m^[[34;1mdocumentation_supports_only_markdown^[[0m
cargo test (namespace-profile-windows-2022-x86-64-16x32)	UNKNOWN STEP	2026-09-04T03:06:34.1302401Z ^[[32;1m        PASS^[[0m [   0.681s] (8980/9160) ^[[35;1mty_server::e2e^[[0m ^[[36mcompletions^[[0m^[[36m::^[[0m^[[34;1mdocumentation_prefers_plain_text_when_listed_first^[[0m
cargo test (namespace-profile-windows-2022-x86-64-16x32)	UNKNOWN STEP	2026-09-04T03:06:34.1326917Z ^[[32;1m        PASS^[[0m [   0.210s] (8981/9160) ^[[35;1mty_server::e2e^[[0m ^[[36mconfiguration^[[0m^[[36m::^[[0m^[[34;1mconfiguration_overrides^[[0m
cargo test (namespace-profile-windows-2022-x86-64-16x32)	UNKNOWN STEP	2026-09-04T03:06:34.1327660Z ^[[32;1m        PASS^[[0m [   0.263s] (8982/9160) ^[[35;1mty_server::e2e^[[0m ^[[36mcompletions^[[0m^[[36m::^[[0m^[[34;1mtyped_dict_literal_key_completion_before_colon^[[0m
cargo test (namespace-profile-windows-2022-x86-64-16x32)	UNKNOWN STEP	2026-09-04T03:06:34.1437193Z ^[[32;1m        PASS^[[0m [   0.175s] (8983/9160) ^[[35;1mty_server::e2e^[[0m ^[[36mfolding_range^[[0m^[[36m::^[[0m^[[34;1mfolding_range_multiline_block_headers^[[0m
cargo test (namespace-profile-windows-2022-x86-64-16x32)	UNKNOWN STEP	2026-09-04T03:06:34.1522278Z ^[[32;1m        PASS^[[0m [   0.286s] (8984/9160) ^[[35;1mty_server::e2e^[[0m ^[[36mcompletions^[[0m^[[36m::^[[0m^[[34;1mstring_literal_completion_uses_full_lsp_insert_text^[[0m
cargo test (namespace-profile-windows-2022-x86-64-16x32)	UNKNOWN STEP	2026-09-04T03:06:34.1522831Z ^[[32;1m        PASS^[[0m [   0.244s] (8985/9160) ^[[35;1mty_server::e2e^[[0m ^[[36mconfiguration^[[0m^[[36m::^[[0m^[[34;1mconfiguration_file^[[0m
cargo test (namespace-profile-windows-2022-x86-64-16x32)	UNKNOWN STEP	2026-09-04T03:06:34.1523283Z ^[[32;1m        PASS^[[0m [   0.216s] (8986/9160) ^[[35;1mty_server::e2e^[[0m ^[[36mconfiguration^[[0m^[[36m::^[[0m^[[34;1minvalid_configuration_file^[[0m
cargo test (namespace-profile-windows-2022-x86-64-16x32)	UNKNOWN STEP	2026-09-04T03:06:34.1532236Z ^[[32;1m        PASS^[[0m [   0.217s] (8987/9160) ^[[35;1mty_server::e2e^[[0m ^[[36mconfiguration^[[0m^[[36m::^[[0m^[[34;1munsupported_editor_python_version^[[0m
cargo test (namespace-profile-windows-2022-x86-64-16x32)	UNKNOWN STEP	2026-09-04T03:06:34.1657567Z ^[[32;1m        PASS^[[0m [   0.253s] (8988/9160) ^[[35;1mty_server::e2e^[[0m ^[[36mconfiguration^[[0m^[[36m::^[[0m^[[34;1mconfiguration_file_and_overrides^[[0m
cargo test (namespace-profile-windows-2022-x86-64-16x32)	UNKNOWN STEP	2026-09-04T03:06:34.1759647Z ^[[32;1m        PASS^[[0m [   0.641s] (8989/9160) ^[[35;1mty_server::e2e^[[0m ^[[36mcompletions^[[0m^[[36m::^[[0m^[[34;1mdocumentation_supports_only_plain_text^[[0m
cargo test (namespace-profile-windows-2022-x86-64-16x32)	UNKNOWN STEP	2026-09-04T03:06:34.1841173Z ^[[32;1m        PASS^[[0m [  16.196s] (8990/9160) ^[[35;1mty_python_semantic::corpus^[[0m ^[[36mlinter_no_panic^[[0m^[[36m::^[[0m^[[34;1m_f_expects^[[0m
cargo test (namespace-profile-windows-2022-x86-64-16x32)	UNKNOWN STEP	2026-09-04T03:06:34.2072765Z ^[[32;1m        PASS^[[0m [   0.132s] (8991/9160) ^[[35;1mty_server::e2e^[[0m ^[[36mgoto_definition^[[0m^[[36m::^[[0m^[[34;1mscript_search_paths_resolve_imported_symbols^[[0m
cargo test (namespace-profile-windows-2022-x86-64-16x32)	UNKNOWN STEP	2026-09-04T03:06:34.2401374Z ^[[32;1m        PASS^[[0m [   0.107s] (8992/9160) ^[[35;1mty_server::e2e^[[0m ^[[36mgoto_definition::uv_metadata^[[0m^[[36m::^[[0m^[[34;1mmultiple_workspaces_synchronize_independently^[[0m
cargo test (namespace-profile-windows-2022-x86-64-16x32)	UNKNOWN STEP	2026-09-04T03:06:34.2541257Z ^[[32;1m        PASS^[[0m [   0.101s] (8993/9160) ^[[35;1mty_server::e2e^[[0m ^[[36mhover^[[0m^[[36m::^[[0m^[[34;1minvalid_script_retains_valid_environment_settings_for_hover^[[0m
cargo test (namespace-profile-windows-2022-x86-64-16x32)	UNKNOWN STEP	2026-09-04T03:06:34.2635832Z ^[[32;1m        PASS^[[0m [   0.110s] (8994/9160) ^[[35;1mty_server::e2e^[[0m ^[[36mhover^[[0m^[[36m::^[[0m^[[34;1minvalid_script_environment_retains_configured_platform_for_hover^[[0m
cargo test (namespace-profile-windows-2022-x86-64-16x32)	UNKNOWN STEP	2026-09-04T03:06:34.3048619Z ^[[32;1m        PASS^[[0m [   0.161s] (8995/9160) ^[[35;1mty_server::e2e^[[0m ^[[36mgoto_definition::uv_metadata^[[0m^[[36m::^[[0m^[[34;1msynchronization_reports_progress_before_resolving_dependency_definitions^[[0m
cargo test (namespace-profile-windows-2022-x86-64-16x32)	UNKNOWN STEP	2026-09-04T03:06:34.3049264Z ^[[33;1m        SKIP^[[0m [         ] (─────────) ^[[35;1mty_server::e2e^[[0m ^[[36minitialize^[[0m^[[36m::^[[0m^[[34;1mdisable_language_services_for_one_workspace^[[0m
cargo test (namespace-profile-windows-2022-x86-64-16x32)	UNKNOWN STEP	2026-09-04T03:06:34.3057157Z ^[[32;1m        PASS^[[0m [   0.140s] (8996/9160) ^[[35;1mty_server::e2e^[[0m ^[[36mhover^[[0m^[[36m::^[[0m^[[34;1mprefers_markdown_when_listed_first^[[0m
cargo test (namespace-profile-windows-2022-x86-64-16x32)	UNKNOWN STEP	2026-09-04T03:06:34.3213445Z ^[[32;1m        PASS^[[0m [   0.188s] (8997/9160) ^[[35;1mty_server::e2e^[[0m ^[[36mgoto_definition::uv_metadata^[[0m^[[36m::^[[0m^[[34;1msaving_unsaved_open_metadata_repeats_synchronization^[[0m
cargo test (namespace-profile-windows-2022-x86-64-16x32)	UNKNOWN STEP	2026-09-04T03:06:34.3214660Z ^[[32;1m        PASS^[[0m [   0.199s] (8998/9160) ^[[35;1mty_server::e2e^[[0m ^[[36mgoto_definition::uv_metadata^[[0m^[[36m::^[[0m^[[34;1mdependencies_resolve_after_invalid_metadata_is_corrected^[[0m
cargo test (namespace-profile-windows-2022-x86-64-16x32)	UNKNOWN STEP	2026-09-04T03:06:34.3215259Z ^[[33;1m        SLOW^[[0m [>  2.000s] (─────────) ^[[35;1mty_python_semantic::mdtest^[[0m ^[[36mmdtest^[[0m^[[36m::^[[0m^[[34;1mtyped_dict.md^[[0m
cargo test (namespace-profile-windows-2022-x86-64-16x32)	UNKNOWN STEP	2026-09-04T03:06:34.3215748Z ^[[32;1m        PASS^[[0m [   0.191s] (8999/9160) ^[[35;1mty_server::e2e^[[0m ^[[36mgoto_definition::uv_metadata^[[0m^[[36m::^[[0m^[[34;1mdependencies_resynchronize_after_save^[[0m
cargo test (namespace-profile-windows-2022-x86-64-16x32)	UNKNOWN STEP	2026-09-04T03:06:34.3225155Z ^[[32;1m        PASS^[[0m [   0.147s] (9000/9160) ^[[35;1mty_server::e2e^[[0m ^[[36mhover^[[0m^[[36m::^[[0m^[[34;1mprefers_plain_text_when_listed_first^[[0m
cargo test (namespace-profile-windows-2022-x86-64-16x32)	UNKNOWN STEP	2026-09-04T03:06:34.3283127Z ^[[32;1m        PASS^[[0m [   0.691s] (9001/9160) ^[[35;1mty_server::e2e^[[0m ^[[36mcompletions^[[0m^[[36m::^[[0m^[[34;1mfunction_parameter_shows_equals_suffix^[[0m
cargo test (namespace-profile-windows-2022-x86-64-16x32)	UNKNOWN STEP	2026-09-04T03:06:34.3354921Z ^[[32;1m        PASS^[[0m [   0.128s] (9002/9160) ^[[35;1mty_server::e2e^[[0m ^[[36mhover^[[0m^[[36m::^[[0m^[[34;1msupports_only_markdown^[[0m
cargo test (namespace-profile-windows-2022-x86-64-16x32)	UNKNOWN STEP	2026-09-04T03:06:34.3389917Z ^[[32;1m        PASS^[[0m [   0.016s] (9003/9160) ^[[35;1mty_server::e2e^[[0m ^[[36minitialize^[[0m^[[36m::^[[0m^[[34;1mmalformed_trust_rejects_initialization^[[0m
cargo test (namespace-profile-windows-2022-x86-64-16x32)	UNKNOWN STEP	2026-09-04T03:06:34.3475630Z ^[[32;1m        PASS^[[0m [   0.042s] (9004/9160) ^[[35;1mty_server::e2e^[[0m ^[[36mimplementation^[[0m^[[36m::^[[0m^[[34;1mimplementation_provider_is_advertised^[[0m
cargo test (namespace-profile-windows-2022-x86-64-16x32)	UNKNOWN STEP	2026-09-04T03:06:34.3478420Z ^[[32;1m        PASS^[[0m [   0.195s] (9005/9160) ^[[35;1mty_server::e2e^[[0m ^[[36mgoto_definition::uv_metadata^[[0m^[[36m::^[[0m^[[34;1mwatched_directory_changes_resynchronize_closed_scripts^[[0m
cargo test (namespace-profile-windows-2022-x86-64-16x32)	UNKNOWN STEP	2026-09-04T03:06:34.3483520Z ^[[32;1m        PASS^[[0m [   0.043s] (9006/9160) ^[[35;1mty_server::e2e^[[0m ^[[36minitialize^[[0m^[[36m::^[[0m^[[34;1mdisable_language_services_set_on_initialization^[[0m
cargo test (namespace-profile-windows-2022-x86-64-16x32)	UNKNOWN STEP	2026-09-04T03:06:34.3633494Z ^[[32;1m        PASS^[[0m [   0.042s] (9007/9160) ^[[35;1mty_server::e2e^[[0m ^[[36minitialize^[[0m^[[36m::^[[0m^[[34;1mdisable_language_services_set_on_workspace^[[0m
cargo test (namespace-profile-windows-2022-x86-64-16x32)	UNKNOWN STEP	2026-09-04T03:06:34.3833643Z ^[[32;1m        PASS^[[0m [   0.143s] (9008/9160) ^[[35;1mty_server::e2e^[[0m ^[[36mhover^[[0m^[[36m::^[[0m^[[34;1msupports_only_plain_text^[[0m
cargo test (namespace-profile-windows-2022-x86-64-16x32)	UNKNOWN STEP	2026-09-04T03:06:34.3855124Z ^[[32;1m        PASS^[[0m [   0.233s] (9009/9160) ^[[35;1mty_server::e2e^[[0m ^[[36mgoto_definition::uv_metadata^[[0m^[[36m::^[[0m^[[34;1mworkspace_check_does_not_synchronize_unsaved_script_metadata^[[0m
cargo test (namespace-profile-windows-2022-x86-64-16x32)	UNKNOWN STEP	2026-09-04T03:06:34.3949629Z ^[[32;1m        PASS^[[0m [   0.073s] (9010/9160) ^[[35;1mty_server::e2e^[[0m ^[[36minitialize^[[0m^[[36m::^[[0m^[[34;1mempty_workspace_folders^[[0m
cargo test (namespace-profile-windows-2022-x86-64-16x32)	UNKNOWN STEP	2026-09-04T03:06:34.4113351Z ^[[32;1m        PASS^[[0m [   0.083s] (9011/9160) ^[[35;1mty_server::e2e^[[0m ^[[36minitialize^[[0m^[[36m::^[[0m^[[34;1mmissing_virtual_env_does_not_panic^[[0m
cargo test (namespace-profile-windows-2022-x86-64-16x32)	UNKNOWN STEP	2026-09-04T03:06:34.4122877Z ^[[32;1m        PASS^[[0m [   0.149s] (9012/9160) ^[[35;1mty_server::e2e^[[0m ^[[36mimplementation^[[0m^[[36m::^[[0m^[[34;1mimplementation_locations_without_link_support^[[0m
cargo test (namespace-profile-windows-2022-x86-64-16x32)	UNKNOWN STEP	2026-09-04T03:06:34.4182401Z ^[[32;1m        PASS^[[0m [   0.164s] (9013/9160) ^[[35;1mty_server::e2e^[[0m ^[[36mimplementation^[[0m^[[36m::^[[0m^[[34;1mimplementation_location_links_with_link_support^[[0m
cargo test (namespace-profile-windows-2022-x86-64-16x32)	UNKNOWN STEP	2026-09-04T03:06:34.4189312Z ^[[32;1m        PASS^[[0m [   0.083s] (9014/9160) ^[[35;1mty_server::e2e^[[0m ^[[36minitialize^[[0m^[[36m::^[[0m^[[34;1mopen_files_diagnostic_registration^[[0m
cargo test (namespace-profile-windows-2022-x86-64-16x32)	UNKNOWN STEP	2026-09-04T03:06:34.4280382Z ^[[32;1m        PASS^[[0m [   0.079s] (9015/9160) ^[[35;1mty_server::e2e^[[0m ^[[36minitialize^[[0m^[[36m::^[[0m^[[34;1msingle_workspace_folder^[[0m
cargo test (namespace-profile-windows-2022-x86-64-16x32)	UNKNOWN STEP	2026-09-04T03:06:34.4280942Z ^[[32;1m        PASS^[[0m [   0.089s] (9016/9160) ^[[35;1mty_server::e2e^[[0m ^[[36minitialize^[[0m^[[36m::^[[0m^[[34;1mopen_files_diagnostic_registration_via_initialization^[[0m
cargo test (namespace-profile-windows-2022-x86-64-16x32)	UNKNOWN STEP	2026-09-04T03:06:34.4347760Z ^[[32;1m        PASS^[[0m [   0.087s] (9017/9160) ^[[35;1mty_server::e2e^[[0m ^[[36minitialize^[[0m^[[36m::^[[0m^[[34;1mregister_multiple_capabilities^[[0m
cargo test (namespace-profile-windows-2022-x86-64-16x32)	UNKNOWN STEP	2026-09-04T03:06:34.4442117Z ^[[32;1m        PASS^[[0m [   0.081s] (9018/9160) ^[[35;1mty_server::e2e^[[0m ^[[36minitialize^[[0m^[[36m::^[[0m^[[34;1munknown_initialization_options^[[0m
cargo test (namespace-profile-windows-2022-x86-64-16x32)	UNKNOWN STEP	2026-09-04T03:06:34.4443872Z ^[[32;1m        PASS^[[0m [   0.097s] (9019/9160) ^[[35;1mty_server::e2e^[[0m ^[[36minitialize^[[0m^[[36m::^[[0m^[[34;1mopen_files_diagnostic_registration_without_configuration^[[0m
cargo test (namespace-profile-windows-2022-x86-64-16x32)	UNKNOWN STEP	2026-09-04T03:06:34.4541714Z ^[[32;1m        PASS^[[0m [   0.071s] (9020/9160) ^[[35;1mty_server::e2e^[[0m ^[[36minitialize^[[0m^[[36m::^[[0m^[[34;1munknown_options_in_workspace_configuration^[[0m
cargo test (namespace-profile-windows-2022-x86-64-16x32)	UNKNOWN STEP	2026-09-04T03:06:34.4560301Z ^[[32;1m        PASS^[[0m [   0.037s] (9021/9160) ^[[35;1mty_server::e2e^[[0m ^[[36minlay_hints^[[0m^[[36m::^[[0m^[[34;1mvariable_inlay_hints_disabled^[[0m
cargo test (namespace-profile-windows-2022-x86-64-16x32)	UNKNOWN STEP	2026-09-04T03:06:34.4598555Z ^[[32;1m        PASS^[[0m [   0.138s] (9022/9160) ^[[35;1mty_server::e2e^[[0m ^[[36minitialize^[[0m^[[36m::^[[0m^[[34;1mmalformed_initialization_options_preserve_workspace_trust^[[0m
cargo test (namespace-profile-windows-2022-x86-64-16x32)	UNKNOWN STEP	2026-09-04T03:06:34.4615717Z ^[[32;1m        PASS^[[0m [   0.400s] (9023/9160) ^[[35;1mty_server::e2e^[[0m ^[[36mfolding_range^[[0m^[[36m::^[[0m^[[34;1mfolding_range_notebook_cells_are_filtered_to_the_requested_cell^[[0m
cargo test (namespace-profile-windows-2022-x86-64-16x32)	UNKNOWN STEP	2026-09-04T03:06:34.4679051Z ^[[32;1m        PASS^[[0m [   0.040s] (9024/9160) ^[[35;1mty_server::e2e^[[0m ^[[36minlay_hints^[[0m^[[36m::^[[0m^[[34;1mvariable_inlay_hints_disabled_for_virtual_file^[[0m
cargo test (namespace-profile-windows-2022-x86-64-16x32)	UNKNOWN STEP	2026-09-04T03:06:34.4692679Z ^[[32;1m        PASS^[[0m [   0.285s] (9025/9160) ^[[35;1mty_server::e2e^[[0m ^[[36mhover^[[0m^[[36m::^[[0m^[[34;1mshared_import_hover_uses_each_script_python_version^[[0m
cargo test (namespace-profile-windows-2022-x86-64-16x32)	UNKNOWN STEP	2026-09-04T03:06:34.4695687Z ^[[32;1m        PASS^[[0m [   0.084s] (9026/9160) ^[[35;1mty_server::e2e^[[0m ^[[36minitialize^[[0m^[[36m::^[[0m^[[34;1mworkspace_diagnostic_registration^[[0m
cargo test (namespace-profile-windows-2022-x86-64-16x32)	UNKNOWN STEP	2026-09-04T03:06:34.4903498Z ^[[32;1m        PASS^[[0m [   0.095s] (9027/9160) ^[[35;1mty_server::e2e^[[0m ^[[36minitialize^[[0m^[[36m::^[[0m^[[34;1mworkspace_diagnostic_registration_via_initialization^[[0m
cargo test (namespace-profile-windows-2022-x86-64-16x32)	UNKNOWN STEP	2026-09-04T03:06:34.5047828Z ^[[32;1m        PASS^[[0m [   0.093s] (9028/9160) ^[[35;1mty_server::e2e^[[0m ^[[36minitialize^[[0m^[[36m::^[[0m^[[34;1mworkspace_diagnostic_registration_without_configuration^[[0m
cargo test (namespace-profile-windows-2022-x86-64-16x32)	UNKNOWN STEP	2026-09-04T03:06:34.5120552Z ^[[32;1m        PASS^[[0m [   0.056s] (9029/9160) ^[[35;1mty_server::e2e^[[0m ^[[36mnotebook^[[0m^[[36m::^[[0m^[[34;1minvalid_syntax_with_syntax_errors_disabled^[[0m
cargo test (namespace-profile-windows-2022-x86-64-16x32)	UNKNOWN STEP	2026-09-04T03:06:34.5232423Z ^[[32;1m        PASS^[[0m [   0.105s] (9030/9160) ^[[35;1mty_server::e2e^[[0m ^[[36minlay_hints^[[0m^[[36m::^[[0m^[[34;1mdefault_inlay_hints_auto_import^[[0m
cargo test (namespace-profile-windows-2022-x86-64-16x32)	UNKNOWN STEP	2026-09-04T03:06:34.5549501Z ^[[32;1m        PASS^[[0m [   0.085s] (9031/9160) ^[[35;1mty_server::e2e^[[0m ^[[36mnotebook^[[0m^[[36m::^[[0m^[[34;1mpublish_unused_binding_diagnostics_open^[[0m
cargo test (namespace-profile-windows-2022-x86-64-16x32)	UNKNOWN STEP	2026-09-04T03:06:34.6381488Z ^[[32;1m        PASS^[[0m [   0.148s] (9032/9160) ^[[35;1mty_server::e2e^[[0m ^[[36mnotebook^[[0m^[[36m::^[[0m^[[34;1msemantic_tokens_for_cell_do_not_leak_stringified_annotations^[[0m
cargo test (namespace-profile-windows-2022-x86-64-16x32)	UNKNOWN STEP	2026-09-04T03:06:34.6382508Z ^[[32;1m        PASS^[[0m [   0.226s] (9033/9160) ^[[35;1mty_server::e2e^[[0m ^[[36minlay_hints^[[0m^[[36m::^[[0m^[[34;1mdefault_inlay_hints^[[0m
cargo test (namespace-profile-windows-2022-x86-64-16x32)	UNKNOWN STEP	2026-09-04T03:06:34.6461153Z ^[[32;1m        PASS^[[0m [   0.093s] (9034/9160) ^[[35;1mty_server::e2e^[[0m ^[[36mpublish_diagnostics^[[0m^[[36m::^[[0m^[[34;1minvalid_syntax_with_syntax_errors_disabled^[[0m
cargo test (namespace-profile-windows-2022-x86-64-16x32)	UNKNOWN STEP	2026-09-04T03:06:34.6656298Z ^[[32;1m        PASS^[[0m [   0.161s] (9035/9160) ^[[35;1mty_server::e2e^[[0m ^[[36mnotebook^[[0m^[[36m::^[[0m^[[34;1mswap_cells^[[0m
cargo test (namespace-profile-windows-2022-x86-64-16x32)	UNKNOWN STEP	2026-09-04T03:06:34.6670411Z ^[[32;1m        PASS^[[0m [   0.205s] (9036/9160) ^[[35;1mty_server::e2e^[[0m ^[[36mnotebook^[[0m^[[36m::^[[0m^[[34;1mpublish_unreachable_code_diagnostics_open^[[0m
cargo test (namespace-profile-windows-2022-x86-64-16x32)	UNKNOWN STEP	2026-09-04T03:06:34.6738305Z ^[[32;1m        PASS^[[0m [   0.213s] (9037/9160) ^[[35;1mty_server::e2e^[[0m ^[[36mnotebook^[[0m^[[36m::^[[0m^[[34;1mpublish_diagnostics_open^[[0m
cargo test (namespace-profile-windows-2022-x86-64-16x32)	UNKNOWN STEP	2026-09-04T03:06:34.6859053Z ^[[32;1m        PASS^[[0m [   0.217s] (9038/9160) ^[[35;1mty_server::e2e^[[0m ^[[36mnotebook^[[0m^[[36m::^[[0m^[[34;1mpull_diagnostics_for_notebook_cells^[[0m
cargo test (namespace-profile-windows-2022-x86-64-16x32)	UNKNOWN STEP	2026-09-04T03:06:34.6859896Z ^[[32;1m        PASS^[[0m [   0.232s] (9039/9160) ^[[35;1mty_server::e2e^[[0m ^[[36mnotebook^[[0m^[[36m::^[[0m^[[34;1mdiagnostic_end_of_file^[[0m
cargo test (namespace-profile-windows-2022-x86-64-16x32)	UNKNOWN STEP	2026-09-04T03:06:34.7041550Z ^[[32;1m        PASS^[[0m [   0.192s] (9040/9160) ^[[35;1mty_server::e2e^[[0m ^[[36mpublish_diagnostics^[[0m^[[36m::^[[0m^[[34;1mchanging_language_of_file_without_extension^[[0m
cargo test (namespace-profile-windows-2022-x86-64-16x32)	UNKNOWN STEP	2026-09-04T03:06:34.7144341Z ^[[32;1m        PASS^[[0m [   0.191s] (9041/9160) ^[[35;1mty_server::e2e^[[0m ^[[36mpublish_diagnostics^[[0m^[[36m::^[[0m^[[34;1mfull_diagnostic_output^[[0m
cargo test (namespace-profile-windows-2022-x86-64-16x32)	UNKNOWN STEP	2026-09-04T03:06:34.7475156Z ^[[32;1m        PASS^[[0m [   0.278s] (9042/9160) ^[[35;1mty_server::e2e^[[0m ^[[36mnotebook^[[0m^[[36m::^[[0m^[[34;1msemantic_tokens^[[0m
cargo test (namespace-profile-windows-2022-x86-64-16x32)	UNKNOWN STEP	2026-09-04T03:06:34.7897502Z ^[[32;1m        PASS^[[0m [   0.116s] (9043/9160) ^[[35;1mty_server::e2e^[[0m ^[[36mpublish_diagnostics^[[0m^[[36m::^[[0m^[[34;1mon_did_change_invalid_tuple_assignment_target_does_not_panic^[[0m
cargo test (namespace-profile-windows-2022-x86-64-16x32)	UNKNOWN STEP	2026-09-04T03:06:34.7898165Z ^[[32;1m        PASS^[[0m [   0.104s] (9044/9160) ^[[35;1mty_server::e2e^[[0m ^[[36mpublish_diagnostics^[[0m^[[36m::^[[0m^[[34;1mon_did_change_nested_invalid_tuple_assignment_target_does_not_panic^[[0m
cargo test (namespace-profile-windows-2022-x86-64-16x32)	UNKNOWN STEP	2026-09-04T03:06:34.8026348Z ^[[32;1m        PASS^[[0m [   0.137s] (9045/9160) ^[[35;1mty_server::e2e^[[0m ^[[36mpublish_diagnostics^[[0m^[[36m::^[[0m^[[34;1mon_did_change_diagnostics_off^[[0m
cargo test (namespace-profile-windows-2022-x86-64-16x32)	UNKNOWN STEP	2026-09-04T03:06:34.8638586Z ^[[32;1m        PASS^[[0m [   0.193s] (9046/9160) ^[[35;1mty_server::e2e^[[0m ^[[36mpublish_diagnostics^[[0m^[[36m::^[[0m^[[34;1mon_did_change_invalid_script_metadata_restores_semantic_diagnostics^[[0m
cargo test (namespace-profile-windows-2022-x86-64-16x32)	UNKNOWN STEP	2026-09-04T03:06:34.8881377Z ^[[32;1m        PASS^[[0m [   0.173s] (9047/9160) ^[[35;1mty_server::e2e^[[0m ^[[36mpublish_diagnostics^[[0m^[[36m::^[[0m^[[34;1mon_did_change_watched_files_pull_diagnostics^[[0m
cargo test (namespace-profile-windows-2022-x86-64-16x32)	UNKNOWN STEP	2026-09-04T03:06:34.8882442Z ^[[32;1m        PASS^[[0m [   0.249s] (9048/9160) ^[[35;1mty_server::e2e^[[0m ^[[36mpublish_diagnostics^[[0m^[[36m::^[[0m^[[34;1mmessage_with_related_information_support^[[0m
cargo test (namespace-profile-windows-2022-x86-64-16x32)	UNKNOWN STEP	2026-09-04T03:06:34.8894777Z ^[[32;1m        PASS^[[0m [   0.242s] (9049/9160) ^[[35;1mty_server::e2e^[[0m ^[[36mpublish_diagnostics^[[0m^[[36m::^[[0m^[[34;1mon_did_change^[[0m
cargo test (namespace-profile-windows-2022-x86-64-16x32)	UNKNOWN STEP	2026-09-04T03:06:34.8895782Z ^[[32;1m        PASS^[[0m [   0.250s] (9050/9160) ^[[35;1mty_server::e2e^[[0m ^[[36mpublish_diagnostics^[[0m^[[36m::^[[0m^[[34;1mmessage_without_related_information_support^[[0m
cargo test (namespace-profile-windows-2022-x86-64-16x32)	UNKNOWN STEP	2026-09-04T03:06:34.9466383Z ^[[32;1m        PASS^[[0m [   0.144s] (9051/9160) ^[[35;1mty_server::e2e^[[0m ^[[36mpublish_diagnostics^[[0m^[[36m::^[[0m^[[34;1mon_did_open_invalid_script_reports_only_configuration_diagnostics^[[0m
cargo test (namespace-profile-windows-2022-x86-64-16x32)	UNKNOWN STEP	2026-09-04T03:06:34.9535101Z ^[[32;1m        PASS^[[0m [   0.249s] (9052/9160) ^[[35;1mty_server::e2e^[[0m ^[[36mpublish_diagnostics^[[0m^[[36m::^[[0m^[[34;1mon_did_change_watched_files^[[0m
cargo test (namespace-profile-windows-2022-x86-64-16x32)	UNKNOWN STEP	2026-09-04T03:06:34.9587131Z ^[[32;1m        PASS^[[0m [   0.169s] (9053/9160) ^[[35;1mty_server::e2e^[[0m ^[[36mpublish_diagnostics^[[0m^[[36m::^[[0m^[[34;1mon_did_open_diagnostics_off^[[0m
cargo test (namespace-profile-windows-2022-x86-64-16x32)	UNKNOWN STEP	2026-09-04T03:06:34.9760875Z ^[[32;1m        PASS^[[0m [   0.228s] (9054/9160) ^[[35;1mty_server::e2e^[[0m ^[[36mpublish_diagnostics^[[0m^[[36m::^[[0m^[[34;1mon_did_open^[[0m
cargo test (namespace-profile-windows-2022-x86-64-16x32)	UNKNOWN STEP	2026-09-04T03:06:34.9786899Z ^[[32;1m        PASS^[[0m [   0.292s] (9055/9160) ^[[35;1mty_server::e2e^[[0m ^[[36mpublish_diagnostics^[[0m^[[36m::^[[0m^[[34;1mon_did_change_script_python_requirement^[[0m
cargo test (namespace-profile-windows-2022-x86-64-16x32)	UNKNOWN STEP	2026-09-04T03:06:34.9908088Z ^[[32;1m        PASS^[[0m [   0.562s] (9056/9160) ^[[35;1mty_server::e2e^[[0m ^[[36mnotebook^[[0m^[[36m::^[[0m^[[34;1mauto_import^[[0m
cargo test (namespace-profile-windows-2022-x86-64-16x32)	UNKNOWN STEP	2026-09-04T03:06:35.0011145Z ^[[32;1m        PASS^[[0m [   0.556s] (9057/9160) ^[[35;1mty_server::e2e^[[0m ^[[36mnotebook^[[0m^[[36m::^[[0m^[[34;1mauto_import_same_cell^[[0m
cargo test (namespace-profile-windows-2022-x86-64-16x32)	UNKNOWN STEP	2026-09-04T03:06:35.0242863Z ^[[32;1m        PASS^[[0m [   0.136s] (9058/9160) ^[[35;1mty_server::e2e^[[0m ^[[36mpublish_diagnostics^[[0m^[[36m::^[[0m^[[34;1mon_did_open_virtual_script_reports_inline_configuration_diagnostics^[[0m
cargo test (namespace-profile-windows-2022-x86-64-16x32)	UNKNOWN STEP	2026-09-04T03:06:35.0244559Z ^[[32;1m        PASS^[[0m [   0.046s] (9059/9160) ^[[35;1mty_server::e2e^[[0m ^[[36mpublish_diagnostics::uv_metadata^[[0m^[[36m::^[[0m^[[34;1mpushed_diagnostics_wait_for_the_initial_environment^[[0m
cargo test (namespace-profile-windows-2022-x86-64-16x32)	UNKNOWN STEP	2026-09-04T03:06:35.0306937Z ^[[32;1m        PASS^[[0m [   0.596s] (9060/9160) ^[[35;1mty_server::e2e^[[0m ^[[36mnotebook^[[0m^[[36m::^[[0m^[[34;1mauto_import_docstring^[[0m
cargo test (namespace-profile-windows-2022-x86-64-16x32)	UNKNOWN STEP	2026-09-04T03:06:35.0389478Z ^[[32;1m        PASS^[[0m [   0.092s] (9061/9160) ^[[35;1mty_server::e2e^[[0m ^[[36mpublish_diagnostics^[[0m^[[36m::^[[0m^[[34;1mon_did_open_virtual_script_reports_invalid_metadata^[[0m
cargo test (namespace-profile-windows-2022-x86-64-16x32)	UNKNOWN STEP	2026-09-04T03:06:35.0390657Z ^[[32;1m        PASS^[[0m [   0.594s] (9062/9160) ^[[35;1mty_server::e2e^[[0m ^[[36mnotebook^[[0m^[[36m::^[[0m^[[34;1mauto_import_from_future^[[0m
cargo test (namespace-profile-windows-2022-x86-64-16x32)	UNKNOWN STEP	2026-09-04T03:06:35.0883400Z ^[[32;1m        PASS^[[0m [   0.112s] (9063/9160) ^[[35;1mty_server::e2e^[[0m ^[[36mpublish_diagnostics::uv_metadata^[[0m^[[36m::^[[0m^[[34;1mproject_refresh_reports_progress_and_clears_errors^[[0m
cargo test (namespace-profile-windows-2022-x86-64-16x32)	UNKNOWN STEP	2026-09-04T03:06:35.0912803Z ^[[32;1m        PASS^[[0m [   0.301s] (9064/9160) ^[[35;1mty_server::e2e^[[0m ^[[36mpublish_diagnostics^[[0m^[[36m::^[[0m^[[34;1mon_did_open_file_without_extension_but_python_language^[[0m
cargo test (namespace-profile-windows-2022-x86-64-16x32)	UNKNOWN STEP	2026-09-04T03:06:35.1059167Z ^[[32;1m        PASS^[[0m [   0.116s] (9065/9160) ^[[35;1mty_server::e2e^[[0m ^[[36mpublish_diagnostics::uv_metadata^[[0m^[[36m::^[[0m^[[34;1muntrusted_workspace_keeps_semantic_diagnostics^[[0m
cargo test (namespace-profile-windows-2022-x86-64-16x32)	UNKNOWN STEP	2026-09-04T03:06:35.1231726Z ^[[32;1m        PASS^[[0m [   0.263s] (9066/9160) ^[[35;1mty_server::e2e^[[0m ^[[36mpublish_diagnostics^[[0m^[[36m::^[[0m^[[34;1mon_did_open_ipynb_file_with_python_language^[[0m
cargo test (namespace-profile-windows-2022-x86-64-16x32)	UNKNOWN STEP	2026-09-04T03:06:35.1265632Z ^[[32;1m        PASS^[[0m [   0.088s] (9067/9160) ^[[35;1mty_server::e2e^[[0m ^[[36mpull_diagnostics^[[0m^[[36m::^[[0m^[[34;1minvalid_syntax_with_syntax_errors_disabled^[[0m
cargo test (namespace-profile-windows-2022-x86-64-16x32)	UNKNOWN STEP	2026-09-04T03:06:35.1345735Z ^[[32;1m        PASS^[[0m [   0.247s] (9068/9160) ^[[35;1mty_server::e2e^[[0m ^[[36mpublish_diagnostics^[[0m^[[36m::^[[0m^[[34;1mon_did_open_non_existing_file_workspace_with_file_uri^[[0m
cargo test (namespace-profile-windows-2022-x86-64-16x32)	UNKNOWN STEP	2026-09-04T03:06:35.1346544Z ^[[32;1m        PASS^[[0m [   0.181s] (9069/9160) ^[[35;1mty_server::e2e^[[0m ^[[36mpublish_diagnostics^[[0m^[[36m::^[[0m^[[34;1mon_did_open_virtual_script_uses_its_python_requirement^[[0m
cargo test (namespace-profile-windows-2022-x86-64-16x32)	UNKNOWN STEP	2026-09-04T03:06:35.1357258Z ^[[32;1m        PASS^[[0m [   0.247s] (9070/9160) ^[[35;1mty_server::e2e^[[0m ^[[36mpublish_diagnostics^[[0m^[[36m::^[[0m^[[34;1mon_did_open_non_existing_file_workspace_with_untitled_uri^[[0m
cargo test (namespace-profile-windows-2022-x86-64-16x32)	UNKNOWN STEP	2026-09-04T03:06:35.1384216Z ^[[32;1m        PASS^[[0m [   0.250s] (9071/9160) ^[[35;1mty_server::e2e^[[0m ^[[36mpublish_diagnostics^[[0m^[[36m::^[[0m^[[34;1mon_did_open_non_existing_file_open_files_only^[[0m
cargo test (namespace-profile-windows-2022-x86-64-16x32)	UNKNOWN STEP	2026-09-04T03:06:35.1923844Z ^[[32;1m        PASS^[[0m [   0.153s] (9072/9160) ^[[35;1mty_server::e2e^[[0m ^[[36mpull_diagnostics^[[0m^[[36m::^[[0m^[[34;1mdocument_diagnostic_caching_unchanged^[[0m
cargo test (namespace-profile-windows-2022-x86-64-16x32)	UNKNOWN STEP	2026-09-04T03:06:35.1926822Z ^[[32;1m        PASS^[[0m [   0.168s] (9073/9160) ^[[35;1mty_server::e2e^[[0m ^[[36mpull_diagnostics^[[0m^[[36m::^[[0m^[[34;1mdocument_diagnostic_caching_changed^[[0m
cargo test (namespace-profile-windows-2022-x86-64-16x32)	UNKNOWN STEP	2026-09-04T03:06:35.1927479Z ^[[32;1m        PASS^[[0m [   0.234s] (9074/9160) ^[[35;1mty_server::e2e^[[0m ^[[36mpublish_diagnostics^[[0m^[[36m::^[[0m^[[34;1mon_did_save_publishes_open_file_documents^[[0m
cargo test (namespace-profile-windows-2022-x86-64-16x32)	UNKNOWN STEP	2026-09-04T03:06:35.1962348Z ^[[32;1m        PASS^[[0m [   0.090s] (9075/9160) ^[[35;1mty_server::e2e^[[0m ^[[36mpull_diagnostics^[[0m^[[36m::^[[0m^[[34;1mon_did_open_diagnostics_off^[[0m
cargo test (namespace-profile-windows-2022-x86-64-16x32)	UNKNOWN STEP	2026-09-04T03:06:35.2014382Z ^[[32;1m        PASS^[[0m [   0.200s] (9076/9160) ^[[35;1mty_server::e2e^[[0m ^[[36mpull_diagnostics^[[0m^[[36m::^[[0m^[[34;1mclosing_external_file_preserves_open_files^[[0m
cargo test (namespace-profile-windows-2022-x86-64-16x32)	UNKNOWN STEP	2026-09-04T03:06:35.2302436Z ^[[32;1m        PASS^[[0m [   0.094s] (9077/9160) ^[[35;1mty_server::e2e^[[0m ^[[36mpull_diagnostics^[[0m^[[36m::^[[0m^[[34;1munused_binding_has_unnecessary_hint_tag^[[0m
cargo test (namespace-profile-windows-2022-x86-64-16x32)	UNKNOWN STEP	2026-09-04T03:06:35.2303047Z ^[[32;1m        PASS^[[0m [   0.095s] (9078/9160) ^[[35;1mty_server::e2e^[[0m ^[[36mpull_diagnostics^[[0m^[[36m::^[[0m^[[34;1munreachable_code_suppresses_unused_binding_hint^[[0m
cargo test (namespace-profile-windows-2022-x86-64-16x32)	UNKNOWN STEP	2026-09-04T03:06:35.2323822Z ^[[32;1m        PASS^[[0m [   0.208s] (9079/9160) ^[[35;1mty_server::e2e^[[0m ^[[36mpull_diagnostics^[[0m^[[36m::^[[0m^[[34;1mcurrent_analysis_unreachable_code_has_unnecessary_hint_tag^[[0m
cargo test (namespace-profile-windows-2022-x86-64-16x32)	UNKNOWN STEP	2026-09-04T03:06:35.2344380Z ^[[32;1m        PASS^[[0m [   0.203s] (9080/9160) ^[[35;1mty_server::e2e^[[0m ^[[36mpull_diagnostics^[[0m^[[36m::^[[0m^[[34;1mdocument_diagnostic_caching_rendered_source_changed^[[0m
cargo test (namespace-profile-windows-2022-x86-64-16x32)	UNKNOWN STEP	2026-09-04T03:06:35.2439011Z ^[[32;1m        PASS^[[0m [   0.051s] (9081/9160) ^[[35;1mty_server::e2e^[[0m ^[[36mpull_diagnostics::uv_metadata^[[0m^[[36m::^[[0m^[[34;1msynchronization_failure_highlights_script_metadata^[[0m
cargo test (namespace-profile-windows-2022-x86-64-16x32)	UNKNOWN STEP	2026-09-04T03:06:35.2673289Z ^[[32;1m        PASS^[[0m [   0.129s] (9082/9160) ^[[35;1mty_server::e2e^[[0m ^[[36mpull_diagnostics::uv_metadata^[[0m^[[36m::^[[0m^[[34;1mopening_new_file_updates_workspace_index^[[0m
cargo test (namespace-profile-windows-2022-x86-64-16x32)	UNKNOWN STEP	2026-09-04T03:06:35.3032541Z ^[[32;1m        PASS^[[0m [   0.210s] (9083/9160) ^[[35;1mty_server::e2e^[[0m ^[[36mpull_diagnostics^[[0m^[[36m::^[[0m^[[34;1mon_did_open^[[0m
cargo test (namespace-profile-windows-2022-x86-64-16x32)	UNKNOWN STEP	2026-09-04T03:06:35.3321062Z ^[[33;1m        SLOW^[[0m [>  3.000s] (─────────) ^[[35;1mty_python_semantic::mdtest^[[0m ^[[36mmdtest^[[0m^[[36m::^[[0m^[[34;1mtyped_dict.md^[[0m
cargo test (namespace-profile-windows-2022-x86-64-16x32)	UNKNOWN STEP	2026-09-04T03:06:35.3323962Z ^[[32;1m        PASS^[[0m [   0.244s] (9084/9160) ^[[35;1mty_server::e2e^[[0m ^[[36mpull_diagnostics^[[0m^[[36m::^[[0m^[[34;1mloop_carried_rebinding_is_not_reported_unused^[[0m
cargo test (namespace-profile-windows-2022-x86-64-16x32)	UNKNOWN STEP	2026-09-04T03:06:35.3455257Z ^[[32;1m        PASS^[[0m [   0.222s] (9085/9160) ^[[35;1mty_server::e2e^[[0m ^[[36mpull_diagnostics^[[0m^[[36m::^[[0m^[[34;1mpull_excluded_file^[[0m
cargo test (namespace-profile-windows-2022-x86-64-16x32)	UNKNOWN STEP	2026-09-04T03:06:35.3589662Z ^[[32;1m        PASS^[[0m [   0.224s] (9086/9160) ^[[35;1mty_server::e2e^[[0m ^[[36mpull_diagnostics^[[0m^[[36m::^[[0m^[[34;1munreachable_code_has_unnecessary_hint_tag^[[0m
cargo test (namespace-profile-windows-2022-x86-64-16x32)	UNKNOWN STEP	2026-09-04T03:06:35.3599931Z ^[[32;1m        PASS^[[0m [   0.233s] (9087/9160) ^[[35;1mty_server::e2e^[[0m ^[[36mpull_diagnostics^[[0m^[[36m::^[[0m^[[34;1mstack_size^[[0m
cargo test (namespace-profile-windows-2022-x86-64-16x32)	UNKNOWN STEP	2026-09-04T03:06:35.3812412Z ^[[32;1m        PASS^[[0m [   0.080s] (9088/9160) ^[[35;1mty_server::e2e^[[0m ^[[36mpull_diagnostics^[[0m^[[36m::^[[0m^[[34;1mworkspace_reports_unused_binding_hint_tag^[[0m
cargo test (namespace-profile-windows-2022-x86-64-16x32)	UNKNOWN STEP	2026-09-04T03:06:35.3891346Z ^[[32;1m        PASS^[[0m [   0.157s] (9089/9160) ^[[35;1mty_server::e2e^[[0m ^[[36mpull_diagnostics^[[0m^[[36m::^[[0m^[[34;1mworkspace_diagnostic_streaming^[[0m
cargo test (namespace-profile-windows-2022-x86-64-16x32)	UNKNOWN STEP	2026-09-04T03:06:35.4088660Z ^[[32;1m        PASS^[[0m [   0.216s] (9090/9160) ^[[35;1mty_server::e2e^[[0m ^[[36mpull_diagnostics^[[0m^[[36m::^[[0m^[[34;1mworkspace_diagnostic_caching^[[0m
cargo test (namespace-profile-windows-2022-x86-64-16x32)	UNKNOWN STEP	2026-09-04T03:06:35.4369692Z ^[[32;1m        PASS^[[0m [   0.203s] (9091/9160) ^[[35;1mty_server::e2e^[[0m ^[[36mpull_diagnostics^[[0m^[[36m::^[[0m^[[34;1mworkspace_diagnostic_streaming_with_caching^[[0m
cargo test (namespace-profile-windows-2022-x86-64-16x32)	UNKNOWN STEP	2026-09-04T03:06:35.4476746Z ^[[32;1m        PASS^[[0m [   0.102s] (9092/9160) ^[[35;1mty_server::e2e^[[0m ^[[36mrename^[[0m^[[36m::^[[0m^[[34;1mtext_document^[[0m
cargo test (namespace-profile-windows-2022-x86-64-16x32)	UNKNOWN STEP	2026-09-04T03:06:35.4558455Z ^[[32;1m        PASS^[[0m [   0.263s] (9093/9160) ^[[35;1mty_server::e2e^[[0m ^[[36mpull_diagnostics::uv_metadata^[[0m^[[36m::^[[0m^[[34;1munsaved_script_uses_its_settings_and_keeps_diagnostics^[[0m
cargo test (namespace-profile-windows-2022-x86-64-16x32)	UNKNOWN STEP	2026-09-04T03:06:35.4686845Z ^[[32;1m        PASS^[[0m [   0.201s] (9094/9160) ^[[35;1mty_server::e2e^[[0m ^[[36mpull_diagnostics^[[0m^[[36m::^[[0m^[[34;1mworkspace_reports_unreachable_code_hint_tag^[[0m
cargo test (namespace-profile-windows-2022-x86-64-16x32)	UNKNOWN STEP	2026-09-04T03:06:35.4687446Z ^[[32;1m        PASS^[[0m [   0.225s] (9095/9160) ^[[35;1mty_server::e2e^[[0m ^[[36mpull_diagnostics^[[0m^[[36m::^[[0m^[[34;1mworkspace_reports_current_analysis_unreachable_code_hint_tag^[[0m
cargo test (namespace-profile-windows-2022-x86-64-16x32)	UNKNOWN STEP	2026-09-04T03:06:35.5109537Z ^[[32;1m        PASS^[[0m [   0.055s] (9096/9160) ^[[35;1mty_server::e2e^[[0m ^[[36msemantic_tokens^[[0m^[[36m::^[[0m^[[34;1mscript_metadata_is_highlighted_as_toml^[[0m
cargo test (namespace-profile-windows-2022-x86-64-16x32)	UNKNOWN STEP	2026-09-04T03:06:35.5457949Z ^[[32;1m        PASS^[[0m [   0.186s] (9097/9160) ^[[35;1mty_server::e2e^[[0m ^[[36mscript_preparation^[[0m^[[36m::^[[0m^[[34;1mcreated_closed_script_is_prepared_after_a_file_event^[[0m
cargo test (namespace-profile-windows-2022-x86-64-16x32)	UNKNOWN STEP	2026-09-04T03:06:35.5463378Z ^[[32;1m        PASS^[[0m [   0.165s] (9098/9160) ^[[35;1mty_server::e2e^[[0m ^[[36mscript_preparation^[[0m^[[36m::^[[0m^[[34;1mexclude_scripts_uses_saved_contents_after_close^[[0m
cargo test (namespace-profile-windows-2022-x86-64-16x32)	UNKNOWN STEP	2026-09-04T03:06:35.5655587Z ^[[32;1m        PASS^[[0m [   0.200s] (9099/9160) ^[[35;1mty_server::e2e^[[0m ^[[36mscript_preparation^[[0m^[[36m::^[[0m^[[34;1mclosed_scripts_are_prepared_at_startup^[[0m
cargo test (namespace-profile-windows-2022-x86-64-16x32)	UNKNOWN STEP	2026-09-04T03:06:35.5859296Z ^[[32;1m        PASS^[[0m [   0.197s] (9100/9160) ^[[35;1mty_server::e2e^[[0m ^[[36mscript_preparation^[[0m^[[36m::^[[0m^[[34;1mnon_python_overlay_does_not_block_workspace_diagnostics^[[0m
cargo test (namespace-profile-windows-2022-x86-64-16x32)	UNKNOWN STEP	2026-09-04T03:06:35.5859840Z ^[[32;1m        PASS^[[0m [   0.253s] (9101/9160) ^[[35;1mty_server::e2e^[[0m ^[[36mrename^[[0m^[[36m::^[[0m^[[34;1mnotebook^[[0m
cargo test (namespace-profile-windows-2022-x86-64-16x32)	UNKNOWN STEP	2026-09-04T03:06:35.6021689Z ^[[32;1m        PASS^[[0m [   0.134s] (9102/9160) ^[[35;1mty_server::e2e^[[0m ^[[36mtype_hierarchy^[[0m^[[36m::^[[0m^[[34;1mchained_hierarchy^[[0m
cargo test (namespace-profile-windows-2022-x86-64-16x32)	UNKNOWN STEP	2026-09-04T03:06:35.6030095Z ^[[32;1m        PASS^[[0m [   0.155s] (9103/9160) ^[[35;1mty_server::e2e^[[0m ^[[36msemantic_tokens^[[0m^[[36m::^[[0m^[[34;1mno_stale_tokens_after_opening_the_same_file_with_new_content^[[0m
cargo test (namespace-profile-windows-2022-x86-64-16x32)	UNKNOWN STEP	2026-09-04T03:06:35.6099672Z ^[[32;1m        PASS^[[0m [   0.201s] (9104/9160) ^[[35;1mty_server::e2e^[[0m ^[[36msemantic_tokens^[[0m^[[36m::^[[0m^[[34;1mmultiline_token_client_not_supporting_multiline_tokens^[[0m
cargo test (namespace-profile-windows-2022-x86-64-16x32)	UNKNOWN STEP	2026-09-04T03:06:35.6184287Z ^[[32;1m        PASS^[[0m [   0.073s] (9105/9160) ^[[35;1mty_server::e2e^[[0m ^[[36mtype_hierarchy^[[0m^[[36m::^[[0m^[[34;1msimple_supertypes^[[0m
cargo test (namespace-profile-windows-2022-x86-64-16x32)	UNKNOWN STEP	2026-09-04T03:06:35.6467781Z ^[[32;1m        PASS^[[0m [   0.210s] (9106/9160) ^[[35;1mty_server::e2e^[[0m ^[[36msemantic_tokens^[[0m^[[36m::^[[0m^[[34;1mmultiline_token_client_supporting_multiline_tokens^[[0m
cargo test (namespace-profile-windows-2022-x86-64-16x32)	UNKNOWN STEP	2026-09-04T03:06:35.7134713Z ^[[32;1m        PASS^[[0m [   0.103s] (9107/9160) ^[[35;1mty_server::e2e^[[0m ^[[36mworkspace_folders^[[0m^[[36m::^[[0m^[[34;1mglobal_settings_change^[[0m
cargo test (namespace-profile-windows-2022-x86-64-16x32)	UNKNOWN STEP	2026-09-04T03:06:35.7173808Z ^[[32;1m        PASS^[[0m [   0.249s] (9108/9160) ^[[35;1mty_server::e2e^[[0m ^[[36msignature_help^[[0m^[[36m::^[[0m^[[34;1mworks_in_function_name^[[0m
cargo test (namespace-profile-windows-2022-x86-64-16x32)	UNKNOWN STEP	2026-09-04T03:06:35.7339101Z ^[[32;1m        PASS^[[0m [   0.187s] (9109/9160) ^[[35;1mty_server::e2e^[[0m ^[[36mtype_hierarchy^[[0m^[[36m::^[[0m^[[34;1mvendored_supertypes^[[0m
cargo test (namespace-profile-windows-2022-x86-64-16x32)	UNKNOWN STEP	2026-09-04T03:06:35.7583613Z ^[[32;1m        PASS^[[0m [   0.247s] (9110/9160) ^[[35;1mty_server::e2e^[[0m ^[[36mtype_hierarchy^[[0m^[[36m::^[[0m^[[34;1msimple_subtypes^[[0m
cargo test (namespace-profile-windows-2022-x86-64-16x32)	UNKNOWN STEP	2026-09-04T03:06:35.7605444Z ^[[32;1m        PASS^[[0m [   0.142s] (9111/9160) ^[[35;1mty_server::e2e^[[0m ^[[36mworkspace_folders^[[0m^[[36m::^[[0m^[[34;1mglobal_settings_precedence^[[0m
cargo test (namespace-profile-windows-2022-x86-64-16x32)	UNKNOWN STEP	2026-09-04T03:06:35.7638355Z ^[[32;1m        PASS^[[0m [   0.178s] (9112/9160) ^[[35;1mty_server::e2e^[[0m ^[[36mworkspace_folders^[[0m^[[36m::^[[0m^[[34;1madd_existing_workspace_folder_is_no_op^[[0m
cargo test (namespace-profile-windows-2022-x86-64-16x32)	UNKNOWN STEP	2026-09-04T03:06:35.8473402Z ^[[32;1m        PASS^[[0m [   0.245s] (9113/9160) ^[[35;1mty_server::e2e^[[0m ^[[36mworkspace_folders^[[0m^[[36m::^[[0m^[[34;1madd_workspace_folder_after_init^[[0m
cargo test (namespace-profile-windows-2022-x86-64-16x32)	UNKNOWN STEP	2026-09-04T03:06:35.8768755Z ^[[32;1m        PASS^[[0m [   0.159s] (9114/9160) ^[[35;1mty_server::e2e^[[0m ^[[36mworkspace_folders^[[0m^[[36m::^[[0m^[[34;1mnested_sibling_workspace_uses_correct_settings^[[0m
cargo test (namespace-profile-windows-2022-x86-64-16x32)	UNKNOWN STEP	2026-09-04T03:06:35.8831059Z ^[[32;1m        PASS^[[0m [   0.006s] (9115/9160) ^[[35;1mty_site_packages^[[0m ^[[36mtests^[[0m^[[36m::^[[0m^[[34;1mcan_find_site_packages_directory_freethreaded_build^[[0m
cargo test (namespace-profile-windows-2022-x86-64-16x32)	UNKNOWN STEP	2026-09-04T03:06:35.8877800Z ^[[32;1m        PASS^[[0m [   0.005s] (9116/9160) ^[[35;1mty_site_packages^[[0m ^[[36mtests^[[0m^[[36m::^[[0m^[[34;1mcan_find_site_packages_directory_no_virtual_env^[[0m
cargo test (namespace-profile-windows-2022-x86-64-16x32)	UNKNOWN STEP	2026-09-04T03:06:35.8921664Z ^[[32;1m        PASS^[[0m [   0.004s] (9117/9160) ^[[35;1mty_site_packages^[[0m ^[[36mtests^[[0m^[[36m::^[[0m^[[34;1mcan_find_site_packages_directory_no_virtual_env_at_origin_self_environment^[[0m
cargo test (namespace-profile-windows-2022-x86-64-16x32)	UNKNOWN STEP	2026-09-04T03:06:35.8944960Z ^[[32;1m        PASS^[[0m [   0.248s] (9118/9160) ^[[35;1mty_server::e2e^[[0m ^[[36mworkspace_folders^[[0m^[[36m::^[[0m^[[34;1minitialize_multiple_workspace_folders^[[0m
cargo test (namespace-profile-windows-2022-x86-64-16x32)	UNKNOWN STEP	2026-09-04T03:06:35.8962874Z ^[[32;1m        PASS^[[0m [   0.004s] (9119/9160) ^[[35;1mty_site_packages^[[0m ^[[36mtests^[[0m^[[36m::^[[0m^[[34;1mcan_find_site_packages_directory_no_virtual_env_at_origin_uv_metadata^[[0m
cargo test (namespace-profile-windows-2022-x86-64-16x32)	UNKNOWN STEP	2026-09-04T03:06:35.8987204Z ^[[32;1m        PASS^[[0m [   0.004s] (9120/9160) ^[[35;1mty_site_packages^[[0m ^[[36mtests^[[0m^[[36m::^[[0m^[[34;1mcan_find_site_packages_directory_no_virtual_env_freethreaded^[[0m
cargo test (namespace-profile-windows-2022-x86-64-16x32)	UNKNOWN STEP	2026-09-04T03:06:35.9004916Z ^[[32;1m        PASS^[[0m [   0.004s] (9121/9160) ^[[35;1mty_site_packages^[[0m ^[[36mtests^[[0m^[[36m::^[[0m^[[34;1mcan_find_site_packages_directory_uv_style_version_field_in_pyvenv_cfg^[[0m
cargo test (namespace-profile-windows-2022-x86-64-16x32)	UNKNOWN STEP	2026-09-04T03:06:35.9027091Z ^[[32;1m        PASS^[[0m [   0.004s] (9122/9160) ^[[35;1mty_site_packages^[[0m ^[[36mtests^[[0m^[[36m::^[[0m^[[34;1mcan_find_site_packages_directory_venv_style_version_field_in_pyvenv_cfg^[[0m
cargo test (namespace-profile-windows-2022-x86-64-16x32)	UNKNOWN STEP	2026-09-04T03:06:35.9042710Z ^[[32;1m        PASS^[[0m [   0.004s] (9123/9160) ^[[35;1mty_site_packages^[[0m ^[[36mtests^[[0m^[[36m::^[[0m^[[34;1mcan_find_site_packages_directory_virtualenv_style_version_field_in_pyvenv_cfg^[[0m
cargo test (namespace-profile-windows-2022-x86-64-16x32)	UNKNOWN STEP	2026-09-04T03:06:35.9063739Z ^[[32;1m        PASS^[[0m [   0.004s] (9124/9160) ^[[35;1mty_site_packages^[[0m ^[[36mtests^[[0m^[[36m::^[[0m^[[34;1mcannot_find_site_packages_directory^[[0m
cargo test (namespace-profile-windows-2022-x86-64-16x32)	UNKNOWN STEP	2026-09-04T03:06:35.9075137Z ^[[32;1m        PASS^[[0m [   0.003s] (9125/9160) ^[[35;1mty_site_packages^[[0m ^[[36mtests^[[0m^[[36m::^[[0m^[[34;1mcannot_find_site_packages_directory_no_virtual_env_at_origin_local_venv^[[0m
cargo test (namespace-profile-windows-2022-x86-64-16x32)	UNKNOWN STEP	2026-09-04T03:06:35.9099161Z ^[[32;1m        PASS^[[0m [   0.003s] (9126/9160) ^[[35;1mty_site_packages^[[0m ^[[36mtests^[[0m^[[36m::^[[0m^[[34;1mcannot_find_site_packages_directory_no_virtual_env_at_origin_virtual_env_var^[[0m
cargo test (namespace-profile-windows-2022-x86-64-16x32)	UNKNOWN STEP	2026-09-04T03:06:35.9108424Z ^[[32;1m        PASS^[[0m [   0.003s] (9127/9160) ^[[35;1mty_site_packages^[[0m ^[[36mtests^[[0m^[[36m::^[[0m^[[34;1mcannot_read_lib_directory^[[0m
cargo test (namespace-profile-windows-2022-x86-64-16x32)	UNKNOWN STEP	2026-09-04T03:06:35.9138115Z ^[[32;1m        PASS^[[0m [   0.004s] (9128/9160) ^[[35;1mty_site_packages^[[0m ^[[36mtests^[[0m^[[36m::^[[0m^[[34;1mdetects_cpython_implementation^[[0m
cargo test (namespace-profile-windows-2022-x86-64-16x32)	UNKNOWN STEP	2026-09-04T03:06:35.9147965Z ^[[32;1m        PASS^[[0m [   0.004s] (9129/9160) ^[[35;1mty_site_packages^[[0m ^[[36mtests^[[0m^[[36m::^[[0m^[[34;1mdetects_graalpy_implementation^[[0m
cargo test (namespace-profile-windows-2022-x86-64-16x32)	UNKNOWN STEP	2026-09-04T03:06:35.9182108Z ^[[32;1m        PASS^[[0m [   0.004s] (9130/9160) ^[[35;1mty_site_packages^[[0m ^[[36mtests^[[0m^[[36m::^[[0m^[[34;1mdetects_pypy_implementation^[[0m
cargo test (namespace-profile-windows-2022-x86-64-16x32)	UNKNOWN STEP	2026-09-04T03:06:35.9193661Z ^[[32;1m        PASS^[[0m [   0.004s] (9131/9160) ^[[35;1mty_site_packages^[[0m ^[[36mtests^[[0m^[[36m::^[[0m^[[34;1mdetects_unknown_implementation^[[0m
cargo test (namespace-profile-windows-2022-x86-64-16x32)	UNKNOWN STEP	2026-09-04T03:06:35.9216875Z ^[[32;1m        PASS^[[0m [   0.004s] (9132/9160) ^[[35;1mty_site_packages^[[0m ^[[36mtests^[[0m^[[36m::^[[0m^[[34;1mfinds_system_site_packages^[[0m
cargo test (namespace-profile-windows-2022-x86-64-16x32)	UNKNOWN STEP	2026-09-04T03:06:35.9228994Z ^[[32;1m        PASS^[[0m [   0.004s] (9133/9160) ^[[35;1mty_site_packages^[[0m ^[[36mtests^[[0m^[[36m::^[[0m^[[34;1mparsing_pyvenv_cfg_with_key_but_no_value_fails^[[0m
cargo test (namespace-profile-windows-2022-x86-64-16x32)	UNKNOWN STEP	2026-09-04T03:06:35.9244625Z ^[[32;1m        PASS^[[0m [   0.365s] (9134/9160) ^[[35;1mty_server::e2e^[[0m ^[[36mworkspace_folders^[[0m^[[36m::^[[0m^[[34;1madd_and_remove_workspace_folders^[[0m
cargo test (namespace-profile-windows-2022-x86-64-16x32)	UNKNOWN STEP	2026-09-04T03:06:35.9254901Z ^[[32;1m        PASS^[[0m [   0.004s] (9135/9160) ^[[35;1mty_site_packages^[[0m ^[[36mtests^[[0m^[[36m::^[[0m^[[34;1mparsing_pyvenv_cfg_with_no_home_key_fails^[[0m
cargo test (namespace-profile-windows-2022-x86-64-16x32)	UNKNOWN STEP	2026-09-04T03:06:35.9266194Z ^[[32;1m        PASS^[[0m [   0.004s] (9136/9160) ^[[35;1mty_site_packages^[[0m ^[[36mtests^[[0m^[[36m::^[[0m^[[34;1mparsing_pyvenv_cfg_with_value_but_no_key_fails^[[0m
cargo test (namespace-profile-windows-2022-x86-64-16x32)	UNKNOWN STEP	2026-09-04T03:06:35.9272489Z ^[[32;1m        PASS^[[0m [   0.341s] (9137/9160) ^[[35;1mty_server::e2e^[[0m ^[[36mworkspace_folders^[[0m^[[36m::^[[0m^[[34;1madd_multiple_workspace_folders^[[0m
cargo test (namespace-profile-windows-2022-x86-64-16x32)	UNKNOWN STEP	2026-09-04T03:06:35.9281283Z ^[[32;1m        PASS^[[0m [   0.004s] (9138/9160) ^[[35;1mty_site_packages^[[0m ^[[36mtests^[[0m^[[36m::^[[0m^[[34;1mpyvenv_cfg_with_carriage_return_line_endings_parses^[[0m
cargo test (namespace-profile-windows-2022-x86-64-16x32)	UNKNOWN STEP	2026-09-04T03:06:35.9289755Z ^[[32;1m        PASS^[[0m [   0.003s] (9139/9160) ^[[35;1mty_site_packages^[[0m ^[[36mtests^[[0m^[[36m::^[[0m^[[34;1mpyvenv_cfg_with_strange_whitespace_parses^[[0m
cargo test (namespace-profile-windows-2022-x86-64-16x32)	UNKNOWN STEP	2026-09-04T03:06:35.9301523Z ^[[32;1m        PASS^[[0m [   0.003s] (9140/9160) ^[[35;1mty_site_packages^[[0m ^[[36mtests^[[0m^[[36m::^[[0m^[[34;1mreject_env_that_does_not_exist^[[0m
cargo test (namespace-profile-windows-2022-x86-64-16x32)	UNKNOWN STEP	2026-09-04T03:06:35.9307646Z ^[[32;1m        PASS^[[0m [   0.004s] (9141/9160) ^[[35;1mty_site_packages^[[0m ^[[36mtests^[[0m^[[36m::^[[0m^[[34;1mreject_env_that_is_not_a_directory^[[0m
cargo test (namespace-profile-windows-2022-x86-64-16x32)	UNKNOWN STEP	2026-09-04T03:06:35.9317136Z ^[[32;1m        PASS^[[0m [   0.004s] (9142/9160) ^[[35;1mty_site_packages^[[0m ^[[36mtests^[[0m^[[36m::^[[0m^[[34;1msite_packages_paths_display^[[0m
cargo test (namespace-profile-windows-2022-x86-64-16x32)	UNKNOWN STEP	2026-09-04T03:06:35.9326113Z ^[[32;1m        PASS^[[0m [   0.004s] (9143/9160) ^[[35;1mty_site_packages^[[0m ^[[36mtests^[[0m^[[36m::^[[0m^[[34;1munresolved_pyvenv_cfg_home_is_nonfatal_without_system_site_packages^[[0m
cargo test (namespace-profile-windows-2022-x86-64-16x32)	UNKNOWN STEP	2026-09-04T03:06:35.9344409Z ^[[32;1m        PASS^[[0m [   0.004s] (9144/9160) ^[[35;1mty_site_packages^[[0m ^[[36mtests^[[0m^[[36m::^[[0m^[[34;1munresolved_pyvenv_cfg_home_with_system_site_packages_fails^[[0m
cargo test (namespace-profile-windows-2022-x86-64-16x32)	UNKNOWN STEP	2026-09-04T03:06:35.9356465Z ^[[32;1m        PASS^[[0m [   0.004s] (9145/9160) ^[[35;1mty_test^[[0m ^[[36mtests^[[0m^[[36m::^[[0m^[[34;1mnormalizes_site_packages_paths_only_in_diagnostic_locations^[[0m
cargo test (namespace-profile-windows-2022-x86-64-16x32)	UNKNOWN STEP	2026-09-04T03:06:35.9367821Z ^[[32;1m        PASS^[[0m [   0.006s] (9146/9160) ^[[35;1mty_test^[[0m ^[[36mtests^[[0m^[[36m::^[[0m^[[34;1mmultiple_sections_with_dependencies_not_allowed^[[0m
cargo test (namespace-profile-windows-2022-x86-64-16x32)	UNKNOWN STEP	2026-09-04T03:06:35.9397453Z ^[[32;1m        PASS^[[0m [   0.005s] (9147/9160) ^[[35;1mty_vendored^[[0m ^[[36mtests^[[0m^[[36m::^[[0m^[[34;1mtypeshed_zip_created_at_build_time^[[0m
cargo test (namespace-profile-windows-2022-x86-64-16x32)	UNKNOWN STEP	2026-09-04T03:06:35.9443163Z ^[[32;1m        PASS^[[0m [   0.012s] (9148/9160) ^[[35;1mty_vendored^[[0m ^[[36mtests^[[0m^[[36m::^[[0m^[[34;1mtypeshed_vfs_consistent_with_vendored_stubs^[[0m
cargo test (namespace-profile-windows-2022-x86-64-16x32)	UNKNOWN STEP	2026-09-04T03:06:35.9674569Z ^[[32;1m        PASS^[[0m [   0.120s] (9149/9160) ^[[35;1mty_server::e2e^[[0m ^[[36mworkspace_folders^[[0m^[[36m::^[[0m^[[34;1msingle_file_workspace^[[0m
cargo test (namespace-profile-windows-2022-x86-64-16x32)	UNKNOWN STEP	2026-09-04T03:06:36.0072342Z ^[[32;1m        PASS^[[0m [   0.246s] (9150/9160) ^[[35;1mty_server::e2e^[[0m ^[[36mworkspace_folders^[[0m^[[36m::^[[0m^[[34;1mremove_workspace_folder_after_init^[[0m
cargo test (namespace-profile-windows-2022-x86-64-16x32)	UNKNOWN STEP	2026-09-04T03:06:36.0083281Z ^[[32;1m        PASS^[[0m [   0.243s] (9151/9160) ^[[35;1mty_server::e2e^[[0m ^[[36mworkspace_folders^[[0m^[[36m::^[[0m^[[34;1mremove_workspace_folder_with_open_document^[[0m
cargo test (namespace-profile-windows-2022-x86-64-16x32)	UNKNOWN STEP	2026-09-04T03:06:36.0358019Z ^[[32;1m        PASS^[[0m [   0.322s] (9152/9160) ^[[35;1mty_server::e2e^[[0m ^[[36mworkspace_folders^[[0m^[[36m::^[[0m^[[34;1mnested_sibling_workspace_uses_correct_project^[[0m
cargo test (namespace-profile-windows-2022-x86-64-16x32)	UNKNOWN STEP	2026-09-04T03:06:36.0767867Z ^[[32;1m        PASS^[[0m [   0.343s] (9153/9160) ^[[35;1mty_server::e2e^[[0m ^[[36mworkspace_folders^[[0m^[[36m::^[[0m^[[34;1mremove_multiple_workspace_folders^[[0m
cargo test (namespace-profile-windows-2022-x86-64-16x32)	UNKNOWN STEP	2026-09-04T03:06:36.0991053Z ^[[32;1m        PASS^[[0m [   0.496s] (9154/9160) ^[[35;1mty_server::e2e^[[0m ^[[36mworkspace_folders^[[0m^[[36m::^[[0m^[[34;1mdifferent_settings^[[0m
cargo test (namespace-profile-windows-2022-x86-64-16x32)	UNKNOWN STEP	2026-09-04T03:06:36.2086187Z ^[[33;1m        SLOW^[[0m [>  1.000s] (─────────) ^[[35;1mty_server::e2e^[[0m ^[[36mpull_diagnostics^[[0m^[[36m::^[[0m^[[34;1mworkspace_diagnostic_long_polling_responds_on_cancellation^[[0m
cargo test (namespace-profile-windows-2022-x86-64-16x32)	UNKNOWN STEP	2026-09-04T03:06:36.2087474Z ^[[33;1m        SLOW^[[0m [>  1.000s] (─────────) ^[[35;1mty_server::e2e^[[0m ^[[36mpull_diagnostics^[[0m^[[36m::^[[0m^[[34;1mworkspace_diagnostic_long_polling_responds_on_change^[[0m
cargo test (namespace-profile-windows-2022-x86-64-16x32)	UNKNOWN STEP	2026-09-04T03:06:36.2407177Z ^[[33;1m        SLOW^[[0m [>  1.000s] (─────────) ^[[35;1mty_server::e2e^[[0m ^[[36mpull_diagnostics^[[0m^[[36m::^[[0m^[[34;1mworkspace_diagnostic_long_polling_responds_on_shutdown^[[0m
cargo test (namespace-profile-windows-2022-x86-64-16x32)	UNKNOWN STEP	2026-09-04T03:06:36.2407990Z ^[[33;1m        SLOW^[[0m [>  1.000s] (─────────) ^[[35;1mty_server::e2e^[[0m ^[[36mpull_diagnostics^[[0m^[[36m::^[[0m^[[34;1mworkspace_diagnostic_long_polling_suspend_change_suspend_cycle^[[0m
cargo test (namespace-profile-windows-2022-x86-64-16x32)	UNKNOWN STEP	2026-09-04T03:06:36.3334756Z ^[[33;1m        SLOW^[[0m [>  4.000s] (─────────) ^[[35;1mty_python_semantic::mdtest^[[0m ^[[36mmdtest^[[0m^[[36m::^[[0m^[[34;1mtyped_dict.md^[[0m
cargo test (namespace-profile-windows-2022-x86-64-16x32)	UNKNOWN STEP	2026-09-04T03:06:36.7724737Z ^[[33;1m        SLOW^[[0m [>  1.000s] (─────────) ^[[35;1mty_server::e2e^[[0m ^[[36mworkspace_folders^[[0m^[[36m::^[[0m^[[34;1mremove_only_workspace^[[0m
cargo test (namespace-profile-windows-2022-x86-64-16x32)	UNKNOWN STEP	2026-09-04T03:06:37.2100598Z ^[[33;1m        SLOW^[[0m [>  2.000s] (─────────) ^[[35;1mty_server::e2e^[[0m ^[[36mpull_diagnostics^[[0m^[[36m::^[[0m^[[34;1mworkspace_diagnostic_long_polling_responds_on_cancellation^[[0m
cargo test (namespace-profile-windows-2022-x86-64-16x32)	UNKNOWN STEP	2026-09-04T03:06:37.2102047Z ^[[33;1m        SLOW^[[0m [>  2.000s] (─────────) ^[[35;1mty_server::e2e^[[0m ^[[36mpull_diagnostics^[[0m^[[36m::^[[0m^[[34;1mworkspace_diagnostic_long_polling_responds_on_change^[[0m
cargo test (namespace-profile-windows-2022-x86-64-16x32)	UNKNOWN STEP	2026-09-04T03:06:37.2197430Z ^[[32;1m        PASS^[[0m [   4.902s] (9155/9160) ^[[35;1mty_python_semantic::mdtest^[[0m ^[[36mmdtest^[[0m^[[36m::^[[0m^[[34;1mtyped_dict.md^[[0m
cargo test (namespace-profile-windows-2022-x86-64-16x32)	UNKNOWN STEP	2026-09-04T03:06:37.2567929Z ^[[33;1m        SLOW^[[0m [>  2.000s] (─────────) ^[[35;1mty_server::e2e^[[0m ^[[36mpull_diagnostics^[[0m^[[36m::^[[0m^[[34;1mworkspace_diagnostic_long_polling_suspend_change_suspend_cycle^[[0m
cargo test (namespace-profile-windows-2022-x86-64-16x32)	UNKNOWN STEP	2026-09-04T03:06:37.2568508Z ^[[33;1m        SLOW^[[0m [>  2.000s] (─────────) ^[[35;1mty_server::e2e^[[0m ^[[36mpull_diagnostics^[[0m^[[36m::^[[0m^[[34;1mworkspace_diagnostic_long_polling_responds_on_shutdown^[[0m
cargo test (namespace-profile-windows-2022-x86-64-16x32)	UNKNOWN STEP	2026-09-04T03:06:37.2692568Z ^[[32;1m        PASS^[[0m [   2.074s] (9156/9160) ^[[35;1mty_server::e2e^[[0m ^[[36mpull_diagnostics^[[0m^[[36m::^[[0m^[[34;1mworkspace_diagnostic_long_polling_responds_on_cancellation^[[0m
cargo test (namespace-profile-windows-2022-x86-64-16x32)	UNKNOWN STEP	2026-09-04T03:06:37.2807268Z ^[[32;1m        PASS^[[0m [   2.079s] (9157/9160) ^[[35;1mty_server::e2e^[[0m ^[[36mpull_diagnostics^[[0m^[[36m::^[[0m^[[34;1mworkspace_diagnostic_long_polling_responds_on_change^[[0m
cargo test (namespace-profile-windows-2022-x86-64-16x32)	UNKNOWN STEP	2026-09-04T03:06:37.2979883Z ^[[32;1m        PASS^[[0m [   2.068s] (9158/9160) ^[[35;1mty_server::e2e^[[0m ^[[36mpull_diagnostics^[[0m^[[36m::^[[0m^[[34;1mworkspace_diagnostic_long_polling_responds_on_shutdown^[[0m
cargo test (namespace-profile-windows-2022-x86-64-16x32)	UNKNOWN STEP	2026-09-04T03:06:37.7734345Z ^[[33;1m        SLOW^[[0m [>  2.000s] (─────────) ^[[35;1mty_server::e2e^[[0m ^[[36mworkspace_folders^[[0m^[[36m::^[[0m^[[34;1mremove_only_workspace^[[0m
cargo test (namespace-profile-windows-2022-x86-64-16x32)	UNKNOWN STEP	2026-09-04T03:06:37.8107849Z ^[[32;1m        PASS^[[0m [   2.052s] (9159/9160) ^[[35;1mty_server::e2e^[[0m ^[[36mworkspace_folders^[[0m^[[36m::^[[0m^[[34;1mremove_only_workspace^[[0m
cargo test (namespace-profile-windows-2022-x86-64-16x32)	UNKNOWN STEP	2026-09-04T03:06:38.2577982Z ^[[33;1m        SLOW^[[0m [>  3.000s] (─────────) ^[[35;1mty_server::e2e^[[0m ^[[36mpull_diagnostics^[[0m^[[36m::^[[0m^[[34;1mworkspace_diagnostic_long_polling_suspend_change_suspend_cycle^[[0m
cargo test (namespace-profile-windows-2022-x86-64-16x32)	UNKNOWN STEP	2026-09-04T03:06:39.2583719Z ^[[33;1m        SLOW^[[0m [>  4.000s] (─────────) ^[[35;1mty_server::e2e^[[0m ^[[36mpull_diagnostics^[[0m^[[36m::^[[0m^[[34;1mworkspace_diagnostic_long_polling_suspend_change_suspend_cycle^[[0m
cargo test (namespace-profile-windows-2022-x86-64-16x32)	UNKNOWN STEP	2026-09-04T03:06:39.3323210Z ^[[32;1m        PASS^[[0m [   4.102s] (9160/9160) ^[[35;1mty_server::e2e^[[0m ^[[36mpull_diagnostics^[[0m^[[36m::^[[0m^[[34;1mworkspace_diagnostic_long_polling_suspend_change_suspend_cycle^[[0m
cargo test (namespace-profile-windows-2022-x86-64-16x32)	UNKNOWN STEP	2026-09-04T03:06:39.3327724Z ────────────
cargo test (namespace-profile-windows-2022-x86-64-16x32)	UNKNOWN STEP	2026-09-04T03:06:39.3328096Z ^[[31;1m     Summary^[[0m [  71.676s] ^[[1m9160^[[0m tests run: ^[[1m9159^[[0m ^[[32;1mpassed^[[0m (^[[1m80^[[0m ^[[33;1mslow^[[0m), ^[[1m1^[[0m ^[[31;1mfailed^[[0m, ^[[1m47^[[0m ^[[33;1mskipped^[[0m
cargo test (namespace-profile-windows-2022-x86-64-16x32)	UNKNOWN STEP	2026-09-04T03:06:39.3344831Z ^[[33;1m        SLOW^[[0m [   1.510s] ( 980/9160) ^[[35;1mruff_annotate_snippets::examples^[[0m ^[[34;1mcustom_error^[[0m
cargo test (namespace-profile-windows-2022-x86-64-16x32)	UNKNOWN STEP	2026-09-04T03:06:39.3345221Z ^[[33;1m        SLOW^[[0m [   1.711s] (1003/9160) ^[[35;1mruff_annotate_snippets::examples^[[0m ^[[34;1melide_header^[[0m
cargo test (namespace-profile-windows-2022-x86-64-16x32)	UNKNOWN STEP	2026-09-04T03:06:39.3345658Z ^[[33;1m        SLOW^[[0m [   1.921s] (1035/9160) ^[[35;1mruff_annotate_snippets::examples^[[0m ^[[34;1mexpected_type^[[0m
cargo test (namespace-profile-windows-2022-x86-64-16x32)	UNKNOWN STEP	2026-09-04T03:06:39.3346008Z ^[[33;1m        SLOW^[[0m [   2.155s] (1073/9160) ^[[35;1mruff_annotate_snippets::examples^[[0m ^[[34;1mcustom_level^[[0m
cargo test (namespace-profile-windows-2022-x86-64-16x32)	UNKNOWN STEP	2026-09-04T03:06:39.3346358Z ^[[33;1m        SLOW^[[0m [   2.390s] (1141/9160) ^[[35;1mruff_annotate_snippets::examples^[[0m ^[[34;1mhighlight_message^[[0m
cargo test (namespace-profile-windows-2022-x86-64-16x32)	UNKNOWN STEP	2026-09-04T03:06:39.3346707Z ^[[33;1m        SLOW^[[0m [   2.620s] (1177/9160) ^[[35;1mruff_annotate_snippets::examples^[[0m ^[[34;1mfooter^[[0m
cargo test (namespace-profile-windows-2022-x86-64-16x32)	UNKNOWN STEP	2026-09-04T03:06:39.3347035Z ^[[33;1m        SLOW^[[0m [   2.845s] (1226/9160) ^[[35;1mruff_annotate_snippets::examples^[[0m ^[[34;1mhighlight_source^[[0m
cargo test (namespace-profile-windows-2022-x86-64-16x32)	UNKNOWN STEP	2026-09-04T03:06:39.3347367Z ^[[33;1m        SLOW^[[0m [   3.071s] (1269/9160) ^[[35;1mruff_annotate_snippets::examples^[[0m ^[[34;1mid_hyperlink^[[0m
cargo test (namespace-profile-windows-2022-x86-64-16x32)	UNKNOWN STEP	2026-09-04T03:06:39.3347699Z ^[[33;1m        SLOW^[[0m [   3.305s] (1319/9160) ^[[35;1mruff_annotate_snippets::examples^[[0m ^[[34;1mmulti_suggestion^[[0m
cargo test (namespace-profile-windows-2022-x86-64-16x32)	UNKNOWN STEP	2026-09-04T03:06:39.3348019Z ^[[33;1m        SLOW^[[0m [   3.524s] (1383/9160) ^[[35;1mruff_annotate_snippets::examples^[[0m ^[[34;1mmultislice^[[0m
cargo test (namespace-profile-windows-2022-x86-64-16x32)	UNKNOWN STEP	2026-09-04T03:06:39.3348337Z ^[[33;1m        SLOW^[[0m [   3.781s] (1433/9160) ^[[35;1mruff_annotate_snippets::examples^[[0m ^[[34;1mformat^[[0m
cargo test (namespace-profile-windows-2022-x86-64-16x32)	UNKNOWN STEP	2026-09-04T03:06:39.3348668Z ^[[33;1m        SLOW^[[0m [   3.980s] (1487/9160) ^[[35;1mruff_annotate_snippets::examples^[[0m ^[[34;1mstruct_name_as_context^[[0m
cargo test (namespace-profile-windows-2022-x86-64-16x32)	UNKNOWN STEP	2026-09-04T03:06:39.3349092Z ^[[33;1m        SLOW^[[0m [   2.694s] (5892/9160) ^[[35;1mty::cli^[[0m ^[[36mscripts::uv_metadata^[[0m^[[36m::^[[0m^[[34;1mworkspace_dependencies_do_not_apply_to_scripts^[[0m
cargo test (namespace-profile-windows-2022-x86-64-16x32)	UNKNOWN STEP	2026-09-04T03:06:39.3349557Z ^[[33;1m        SLOW^[[0m [   2.472s] (5893/9160) ^[[35;1mty::cli^[[0m ^[[36muv_workspace^[[0m^[[36m::^[[0m^[[34;1mexplicit_workspace_member_directory_uses_workspace_configuration^[[0m
cargo test (namespace-profile-windows-2022-x86-64-16x32)	UNKNOWN STEP	2026-09-04T03:06:39.3350013Z ^[[33;1m        SLOW^[[0m [   2.469s] (5894/9160) ^[[35;1mty::cli^[[0m ^[[36muv_workspace^[[0m^[[36m::^[[0m^[[34;1mexternal_workspace_member_uses_workspace_configuration^[[0m
cargo test (namespace-profile-windows-2022-x86-64-16x32)	UNKNOWN STEP	2026-09-04T03:06:39.3350423Z ^[[33;1m        SLOW^[[0m [   2.557s] (5901/9160) ^[[35;1mty::cli^[[0m ^[[36muv_workspace^[[0m^[[36m::^[[0m^[[34;1mforwards_active_environment_to_uv^[[0m
cargo test (namespace-profile-windows-2022-x86-64-16x32)	UNKNOWN STEP	2026-09-04T03:06:39.3350831Z ^[[33;1m        SLOW^[[0m [   2.662s] (5902/9160) ^[[35;1mty::cli^[[0m ^[[36muv_workspace^[[0m^[[36m::^[[0m^[[34;1mfinds_uv_on_path_without_uv_environment_variable^[[0m
cargo test (namespace-profile-windows-2022-x86-64-16x32)	UNKNOWN STEP	2026-09-04T03:06:39.3351411Z ^[[33;1m        SLOW^[[0m [   2.778s] (5913/9160) ^[[35;1mty::cli^[[0m ^[[36muv_workspace^[[0m^[[36m::^[[0m^[[34;1mreports_uv_workspace_python_version_source^[[0m
cargo test (namespace-profile-windows-2022-x86-64-16x32)	UNKNOWN STEP	2026-09-04T03:06:39.3351821Z ^[[33;1m        SLOW^[[0m [   2.617s] (5914/9160) ^[[35;1mty::cli^[[0m ^[[36muv_workspace^[[0m^[[36m::^[[0m^[[34;1mselected_workspace_member_excludes_nested_member^[[0m
cargo test (namespace-profile-windows-2022-x86-64-16x32)	UNKNOWN STEP	2026-09-04T03:06:39.3352230Z ^[[33;1m        SLOW^[[0m [   2.896s] (5915/9160) ^[[35;1mty::cli^[[0m ^[[36muv_workspace^[[0m^[[36m::^[[0m^[[34;1mindirect_dependencies_use_uv_module_ownership^[[0m
cargo test (namespace-profile-windows-2022-x86-64-16x32)	UNKNOWN STEP	2026-09-04T03:06:39.3352641Z ^[[33;1m        SLOW^[[0m [   2.661s] (5916/9160) ^[[35;1mty::cli^[[0m ^[[36muv_workspace^[[0m^[[36m::^[[0m^[[34;1muses_uv_workspace_root_without_checking_siblings^[[0m
cargo test (namespace-profile-windows-2022-x86-64-16x32)	UNKNOWN STEP	2026-09-04T03:06:39.3353165Z ^[[33;1m        SLOW^[[0m [   3.844s] (5954/9160) ^[[35;1mty::cli^[[0m ^[[36muv_workspace^[[0m^[[36m::^[[0m^[[34;1moverridden_python_environment_disables_dependency_checks^[[0m
cargo test (namespace-profile-windows-2022-x86-64-16x32)	UNKNOWN STEP	2026-09-04T03:06:39.3353601Z ^[[33;1m        SLOW^[[0m [   1.726s] (7290/9160) ^[[35;1mty_ide^[[0m ^[[36mhover::tests^[[0m^[[36m::^[[0m^[[34;1mhover_subscript_slice_literal_bounds_list_variants^[[0m
cargo test (namespace-profile-windows-2022-x86-64-16x32)	UNKNOWN STEP	2026-09-04T03:06:39.3354010Z ^[[33;1m        SLOW^[[0m [   2.424s] (7327/9160) ^[[35;1mty_ide^[[0m ^[[36mhover::tests^[[0m^[[36m::^[[0m^[[34;1mhover_subscript_literal_index_variants^[[0m
cargo test (namespace-profile-windows-2022-x86-64-16x32)	UNKNOWN STEP	2026-09-04T03:06:39.3354420Z ^[[33;1m        SLOW^[[0m [   1.025s] (7751/9160) ^[[35;1mty_ide^[[0m ^[[36mtype_hierarchy::tests^[[0m^[[36m::^[[0m^[[34;1msubtypes_str_conditional_no_duplicates^[[0m
cargo test (namespace-profile-windows-2022-x86-64-16x32)	UNKNOWN STEP	2026-09-04T03:06:39.3354913Z ^[[33;1m        SLOW^[[0m [   1.256s] (8364/9160) ^[[35;1mty_python_semantic^[[0m ^[[36mtypes::constraints::tests^[[0m^[[36m::^[[0m^[[34;1mprojected_constraint_source_order_is_independent_of_allocation_order^[[0m
cargo test (namespace-profile-windows-2022-x86-64-16x32)	UNKNOWN STEP	2026-09-04T03:06:39.3355382Z ^[[33;1m        SLOW^[[0m [   1.054s] (8468/9160) ^[[35;1mty_python_semantic::corpus^[[0m ^[[34;1mcorpus_no_panic^[[0m
cargo test (namespace-profile-windows-2022-x86-64-16x32)	UNKNOWN STEP	2026-09-04T03:06:39.3355761Z ^[[33;1m        SLOW^[[0m [   1.071s] (8476/9160) ^[[35;1mty_python_semantic::corpus^[[0m ^[[36mtypeshed_no_panic^[[0m^[[36m::^[[0m^[[34;1m_f_k_expects^[[0m
cargo test (namespace-profile-windows-2022-x86-64-16x32)	UNKNOWN STEP	2026-09-04T03:06:39.3356159Z ^[[33;1m        SLOW^[[0m [   1.226s] (8486/9160) ^[[35;1mty_python_semantic::corpus^[[0m ^[[36mtypeshed_no_panic^[[0m^[[36m::^[[0m^[[34;1m_l_p_expects^[[0m
cargo test (namespace-profile-windows-2022-x86-64-16x32)	UNKNOWN STEP	2026-09-04T03:06:39.3356561Z ^[[33;1m        SLOW^[[0m [   1.481s] (8500/9160) ^[[35;1mty_python_semantic::corpus^[[0m ^[[36mtypeshed_no_panic^[[0m^[[36m::^[[0m^[[34;1m_a_z_expects^[[0m
cargo test (namespace-profile-windows-2022-x86-64-16x32)	UNKNOWN STEP	2026-09-04T03:06:39.3356910Z ^[[33;1m        SLOW^[[0m [   1.856s] (8524/9160) ^[[35;1mty_python_semantic::corpus^[[0m ^[[34;1mparser_no_panic^[[0m
cargo test (namespace-profile-windows-2022-x86-64-16x32)	UNKNOWN STEP	2026-09-04T03:06:39.3357268Z ^[[33;1m        SLOW^[[0m [   2.525s] (8576/9160) ^[[35;1mty_python_semantic::corpus^[[0m ^[[36mtypeshed_no_panic^[[0m^[[36m::^[[0m^[[34;1m_a_e_expects^[[0m
cargo test (namespace-profile-windows-2022-x86-64-16x32)	UNKNOWN STEP	2026-09-04T03:06:39.3357662Z ^[[33;1m        SLOW^[[0m [   2.660s] (8591/9160) ^[[35;1mty_python_semantic::corpus^[[0m ^[[36mtypeshed_no_panic^[[0m^[[36m::^[[0m^[[34;1m_q_z_expects^[[0m
cargo test (namespace-profile-windows-2022-x86-64-16x32)	UNKNOWN STEP	2026-09-04T03:06:39.3358055Z ^[[33;1m        SLOW^[[0m [   1.007s] (8624/9160) ^[[35;1mty_python_semantic::mdtest^[[0m ^[[36mmdtest^[[0m^[[36m::^[[0m^[[34;1mannotations/self.md^[[0m
cargo test (namespace-profile-windows-2022-x86-64-16x32)	UNKNOWN STEP	2026-09-04T03:06:39.3358457Z ^[[33;1m        SLOW^[[0m [   1.298s] (8643/9160) ^[[35;1mty_python_semantic::mdtest^[[0m ^[[36mmdtest^[[0m^[[36m::^[[0m^[[34;1mcall/callables_as_descriptors.md^[[0m
cargo test (namespace-profile-windows-2022-x86-64-16x32)	UNKNOWN STEP	2026-09-04T03:06:39.3358865Z ^[[33;1m        SLOW^[[0m [   1.412s] (8644/9160) ^[[35;1mty_python_semantic::mdtest^[[0m ^[[36mmdtest^[[0m^[[36m::^[[0m^[[34;1mcall/constructor.md^[[0m
cargo test (namespace-profile-windows-2022-x86-64-16x32)	UNKNOWN STEP	2026-09-04T03:06:39.3359249Z ^[[33;1m        SLOW^[[0m [   1.480s] (8654/9160) ^[[35;1mty_python_semantic::mdtest^[[0m ^[[36mmdtest^[[0m^[[36m::^[[0m^[[34;1mcall/function.md^[[0m
cargo test (namespace-profile-windows-2022-x86-64-16x32)	UNKNOWN STEP	2026-09-04T03:06:39.3359641Z ^[[33;1m        SLOW^[[0m [   1.535s] (8657/9160) ^[[35;1mty_python_semantic::mdtest^[[0m ^[[36mmdtest^[[0m^[[36m::^[[0m^[[34;1mcall/functools_partial.md^[[0m
cargo test (namespace-profile-windows-2022-x86-64-16x32)	UNKNOWN STEP	2026-09-04T03:06:39.3360040Z ^[[33;1m        SLOW^[[0m [   1.359s] (8658/9160) ^[[35;1mty_python_semantic::mdtest^[[0m ^[[36mmdtest^[[0m^[[36m::^[[0m^[[34;1mcall/overloads.md^[[0m
cargo test (namespace-profile-windows-2022-x86-64-16x32)	UNKNOWN STEP	2026-09-04T03:06:39.3361031Z ^[[33;1m        SLOW^[[0m [   2.178s] (8662/9160) ^[[35;1mty_python_semantic::mdtest^[[0m ^[[36mmdtest^[[0m^[[36m::^[[0m^[[34;1mattributes.md^[[0m
cargo test (namespace-profile-windows-2022-x86-64-16x32)	UNKNOWN STEP	2026-09-04T03:06:39.3361421Z ^[[33;1m        SLOW^[[0m [   2.374s] (8668/9160) ^[[35;1mty_python_semantic::mdtest^[[0m ^[[36mmdtest^[[0m^[[36m::^[[0m^[[34;1mbidirectional.md^[[0m
cargo test (namespace-profile-windows-2022-x86-64-16x32)	UNKNOWN STEP	2026-09-04T03:06:39.3362052Z ^[[33;1m        SLOW^[[0m [   5.686s] (8669/9160) ^[[35;1mty_python_semantic::corpus^[[0m ^[[36mlinter_no_panic^[[0m^[[36m::^[[0m^[[34;1m_q_z_expects^[[0m
cargo test (namespace-profile-windows-2022-x86-64-16x32)	UNKNOWN STEP	2026-09-04T03:06:39.3362480Z ^[[33;1m        SLOW^[[0m [   1.115s] (8697/9160) ^[[35;1mty_python_semantic::mdtest^[[0m ^[[36mmdtest^[[0m^[[36m::^[[0m^[[34;1mdataclasses/dataclass_transform.md^[[0m
cargo test (namespace-profile-windows-2022-x86-64-16x32)	UNKNOWN STEP	2026-09-04T03:06:39.3362894Z ^[[33;1m        SLOW^[[0m [   1.733s] (8723/9160) ^[[35;1mty_python_semantic::mdtest^[[0m ^[[36mmdtest^[[0m^[[36m::^[[0m^[[34;1mdataclasses/dataclasses.md^[[0m
cargo test (namespace-profile-windows-2022-x86-64-16x32)	UNKNOWN STEP	2026-09-04T03:06:39.3363355Z ^[[33;1m        SLOW^[[0m [   7.820s] (8736/9160) ^[[35;1mty_python_semantic::corpus^[[0m ^[[36mlinter_no_panic^[[0m^[[36m::^[[0m^[[34;1m_p_expects^[[0m
cargo test (namespace-profile-windows-2022-x86-64-16x32)	UNKNOWN STEP	2026-09-04T03:06:39.3363759Z ^[[33;1m        SLOW^[[0m [   1.017s] (8742/9160) ^[[35;1mty_python_semantic::mdtest^[[0m ^[[36mmdtest^[[0m^[[36m::^[[0m^[[34;1mgenerics/legacy/paramspec.md^[[0m
cargo test (namespace-profile-windows-2022-x86-64-16x32)	UNKNOWN STEP	2026-09-04T03:06:39.3364168Z ^[[33;1m        SLOW^[[0m [   1.506s] (8744/9160) ^[[35;1mty_python_semantic::mdtest^[[0m ^[[36mmdtest^[[0m^[[36m::^[[0m^[[34;1mexternal/sqlmodel.md^[[0m
cargo test (namespace-profile-windows-2022-x86-64-16x32)	UNKNOWN STEP	2026-09-04T03:06:39.3364567Z ^[[33;1m        SLOW^[[0m [   1.222s] (8747/9160) ^[[35;1mty_python_semantic::mdtest^[[0m ^[[36mmdtest^[[0m^[[36m::^[[0m^[[34;1mgenerics/legacy/classes.md^[[0m
cargo test (namespace-profile-windows-2022-x86-64-16x32)	UNKNOWN STEP	2026-09-04T03:06:39.3364980Z ^[[33;1m        SLOW^[[0m [   1.114s] (8748/9160) ^[[35;1mty_python_semantic::mdtest^[[0m ^[[36mmdtest^[[0m^[[36m::^[[0m^[[34;1mgenerics/legacy/typevartuple.md^[[0m
cargo test (namespace-profile-windows-2022-x86-64-16x32)	UNKNOWN STEP	2026-09-04T03:06:39.3365411Z ^[[33;1m        SLOW^[[0m [   2.119s] (8749/9160) ^[[35;1mty_python_semantic::mdtest^[[0m ^[[36mmdtest^[[0m^[[36m::^[[0m^[[34;1menums.md^[[0m
cargo test (namespace-profile-windows-2022-x86-64-16x32)	UNKNOWN STEP	2026-09-04T03:06:39.3365804Z ^[[33;1m        SLOW^[[0m [   1.320s] (8750/9160) ^[[35;1mty_python_semantic::mdtest^[[0m ^[[36mmdtest^[[0m^[[36m::^[[0m^[[34;1mgenerics/legacy/functions.md^[[0m
cargo test (namespace-profile-windows-2022-x86-64-16x32)	UNKNOWN STEP	2026-09-04T03:06:39.3366217Z ^[[33;1m        SLOW^[[0m [   1.863s] (8751/9160) ^[[35;1mty_python_semantic::mdtest^[[0m ^[[36mmdtest^[[0m^[[36m::^[[0m^[[34;1mexternal/sqlalchemy.md^[[0m
cargo test (namespace-profile-windows-2022-x86-64-16x32)	UNKNOWN STEP	2026-09-04T03:06:39.3366621Z ^[[33;1m        SLOW^[[0m [   1.029s] (8770/9160) ^[[35;1mty_python_semantic::mdtest^[[0m ^[[36mmdtest^[[0m^[[36m::^[[0m^[[34;1mgenerics/pep695/variance.md^[[0m
cargo test (namespace-profile-windows-2022-x86-64-16x32)	UNKNOWN STEP	2026-09-04T03:06:39.3367044Z ^[[33;1m        SLOW^[[0m [   1.230s] (8773/9160) ^[[35;1mty_python_semantic::mdtest^[[0m ^[[36mmdtest^[[0m^[[36m::^[[0m^[[34;1mgenerics/pep695/typevartuple.md^[[0m
cargo test (namespace-profile-windows-2022-x86-64-16x32)	UNKNOWN STEP	2026-09-04T03:06:39.3367461Z ^[[33;1m        SLOW^[[0m [   1.480s] (8774/9160) ^[[35;1mty_python_semantic::mdtest^[[0m ^[[36mmdtest^[[0m^[[36m::^[[0m^[[34;1mgenerics/pep695/functions.md^[[0m
cargo test (namespace-profile-windows-2022-x86-64-16x32)	UNKNOWN STEP	2026-09-04T03:06:39.3368052Z ^[[33;1m        SLOW^[[0m [   1.214s] (8781/9160) ^[[35;1mty_python_semantic::mdtest^[[0m ^[[36mmdtest^[[0m^[[36m::^[[0m^[[34;1mimplicit_type_aliases.md^[[0m
cargo test (namespace-profile-windows-2022-x86-64-16x32)	UNKNOWN STEP	2026-09-04T03:06:39.3368808Z ^[[33;1m        SLOW^[[0m [   2.564s] (8782/9160) ^[[35;1mty_python_semantic::mdtest^[[0m ^[[36mmdtest^[[0m^[[36m::^[[0m^[[34;1mgenerics/legacy/callables.md^[[0m
cargo test (namespace-profile-windows-2022-x86-64-16x32)	UNKNOWN STEP	2026-09-04T03:06:39.3369305Z ^[[33;1m        SLOW^[[0m [   2.130s] (8808/9160) ^[[35;1mty_python_semantic::mdtest^[[0m ^[[36mmdtest^[[0m^[[36m::^[[0m^[[34;1mide_support/all_members.md^[[0m
cargo test (namespace-profile-windows-2022-x86-64-16x32)	UNKNOWN STEP	2026-09-04T03:06:39.3369792Z ^[[33;1m        SLOW^[[0m [   1.188s] (8809/9160) ^[[35;1mty_python_semantic::mdtest^[[0m ^[[36mmdtest^[[0m^[[36m::^[[0m^[[34;1mimport/stub_packages.md^[[0m
cargo test (namespace-profile-windows-2022-x86-64-16x32)	UNKNOWN STEP	2026-09-04T03:06:39.3370252Z ^[[33;1m        SLOW^[[0m [   1.123s] (8814/9160) ^[[35;1mty_python_semantic::mdtest^[[0m ^[[36mmdtest^[[0m^[[36m::^[[0m^[[34;1mliskov.md^[[0m
cargo test (namespace-profile-windows-2022-x86-64-16x32)	UNKNOWN STEP	2026-09-04T03:06:39.3370698Z ^[[33;1m        SLOW^[[0m [   1.269s] (8828/9160) ^[[35;1mty_python_semantic::mdtest^[[0m ^[[36mmdtest^[[0m^[[36m::^[[0m^[[34;1mloops/for.md^[[0m
cargo test (namespace-profile-windows-2022-x86-64-16x32)	UNKNOWN STEP	2026-09-04T03:06:39.3371158Z ^[[33;1m        SLOW^[[0m [   4.845s] (8834/9160) ^[[35;1mty_python_semantic::mdtest^[[0m ^[[36mmdtest^[[0m^[[36m::^[[0m^[[34;1mexternal/pydantic.md^[[0m
cargo test (namespace-profile-windows-2022-x86-64-16x32)	UNKNOWN STEP	2026-09-04T03:06:39.3371616Z ^[[33;1m        SLOW^[[0m [   1.547s] (8839/9160) ^[[35;1mty_python_semantic::mdtest^[[0m ^[[36mmdtest^[[0m^[[36m::^[[0m^[[34;1mnamed_tuple.md^[[0m
cargo test (namespace-profile-windows-2022-x86-64-16x32)	UNKNOWN STEP	2026-09-04T03:06:39.3372339Z ^[[33;1m        SLOW^[[0m [   1.073s] (8842/9160) ^[[35;1mty_python_semantic::mdtest^[[0m ^[[36mmdtest^[[0m^[[36m::^[[0m^[[34;1mnarrow/isinstance.md^[[0m
cargo test (namespace-profile-windows-2022-x86-64-16x32)	UNKNOWN STEP	2026-09-04T03:06:39.3372815Z ^[[33;1m        SLOW^[[0m [   1.593s] (8853/9160) ^[[35;1mty_python_semantic::mdtest^[[0m ^[[36mmdtest^[[0m^[[36m::^[[0m^[[34;1mnarrow/conditionals/eq.md^[[0m
cargo test (namespace-profile-windows-2022-x86-64-16x32)	UNKNOWN STEP	2026-09-04T03:06:39.3373300Z ^[[33;1m        SLOW^[[0m [   4.213s] (8861/9160) ^[[35;1mty_python_semantic::mdtest^[[0m ^[[36mmdtest^[[0m^[[36m::^[[0m^[[34;1mgenerics/pep695/paramspec.md^[[0m
cargo test (namespace-profile-windows-2022-x86-64-16x32)	UNKNOWN STEP	2026-09-04T03:06:39.3373771Z ^[[33;1m        SLOW^[[0m [   1.033s] (8863/9160) ^[[35;1mty_python_semantic::mdtest^[[0m ^[[36mmdtest^[[0m^[[36m::^[[0m^[[34;1moverloads.md^[[0m
cargo test (namespace-profile-windows-2022-x86-64-16x32)	UNKNOWN STEP	2026-09-04T03:06:39.3374266Z ^[[33;1m        SLOW^[[0m [   2.183s] (8897/9160) ^[[35;1mty_python_semantic::mdtest^[[0m ^[[36mmdtest^[[0m^[[36m::^[[0m^[[34;1mnarrow/match.md^[[0m
cargo test (namespace-profile-windows-2022-x86-64-16x32)	UNKNOWN STEP	2026-09-04T03:06:39.3374756Z ^[[33;1m        SLOW^[[0m [   1.417s] (8918/9160) ^[[35;1mty_python_semantic::mdtest^[[0m ^[[36mmdtest^[[0m^[[36m::^[[0m^[[34;1mregression/constraint_set_ordering.md^[[0m
cargo test (namespace-profile-windows-2022-x86-64-16x32)	UNKNOWN STEP	2026-09-04T03:06:39.3375276Z ^[[33;1m        SLOW^[[0m [   1.134s] (8952/9160) ^[[35;1mty_python_semantic::mdtest^[[0m ^[[36mmdtest^[[0m^[[36m::^[[0m^[[34;1mtype_properties/is_subtype_of.md^[[0m
cargo test (namespace-profile-windows-2022-x86-64-16x32)	UNKNOWN STEP	2026-09-04T03:06:39.3375787Z ^[[33;1m        SLOW^[[0m [   3.555s] (8964/9160) ^[[35;1mty_python_semantic::mdtest^[[0m ^[[36mmdtest^[[0m^[[36m::^[[0m^[[34;1mprotocols.md^[[0m
cargo test (namespace-profile-windows-2022-x86-64-16x32)	UNKNOWN STEP	2026-09-04T03:06:39.3376266Z ^[[33;1m        SLOW^[[0m [   1.586s] (8965/9160) ^[[35;1mty_python_semantic::mdtest^[[0m ^[[36mmdtest^[[0m^[[36m::^[[0m^[[34;1mtype_properties/materialization.md^[[0m
cargo test (namespace-profile-windows-2022-x86-64-16x32)	UNKNOWN STEP	2026-09-04T03:06:39.3376743Z ^[[33;1m        SLOW^[[0m [   1.587s] (8978/9160) ^[[35;1mty_python_semantic::mdtest^[[0m ^[[36mmdtest^[[0m^[[36m::^[[0m^[[34;1munpacking.md^[[0m
cargo test (namespace-profile-windows-2022-x86-64-16x32)	UNKNOWN STEP	2026-09-04T03:06:39.3377205Z ^[[33;1m        SLOW^[[0m [  16.196s] (8990/9160) ^[[35;1mty_python_semantic::corpus^[[0m ^[[36mlinter_no_panic^[[0m^[[36m::^[[0m^[[34;1m_f_expects^[[0m
cargo test (namespace-profile-windows-2022-x86-64-16x32)	UNKNOWN STEP	2026-09-04T03:06:39.3377668Z ^[[33;1m        SLOW^[[0m [   4.902s] (9155/9160) ^[[35;1mty_python_semantic::mdtest^[[0m ^[[36mmdtest^[[0m^[[36m::^[[0m^[[34;1mtyped_dict.md^[[0m
cargo test (namespace-profile-windows-2022-x86-64-16x32)	UNKNOWN STEP	2026-09-04T03:06:39.3378185Z ^[[33;1m        SLOW^[[0m [   2.074s] (9156/9160) ^[[35;1mty_server::e2e^[[0m ^[[36mpull_diagnostics^[[0m^[[36m::^[[0m^[[34;1mworkspace_diagnostic_long_polling_responds_on_cancellation^[[0m
cargo test (namespace-profile-windows-2022-x86-64-16x32)	UNKNOWN STEP	2026-09-04T03:06:39.3378754Z ^[[33;1m        SLOW^[[0m [   2.079s] (9157/9160) ^[[35;1mty_server::e2e^[[0m ^[[36mpull_diagnostics^[[0m^[[36m::^[[0m^[[34;1mworkspace_diagnostic_long_polling_responds_on_change^[[0m
cargo test (namespace-profile-windows-2022-x86-64-16x32)	UNKNOWN STEP	2026-09-04T03:06:39.3379303Z ^[[33;1m        SLOW^[[0m [   2.068s] (9158/9160) ^[[35;1mty_server::e2e^[[0m ^[[36mpull_diagnostics^[[0m^[[36m::^[[0m^[[34;1mworkspace_diagnostic_long_polling_responds_on_shutdown^[[0m
cargo test (namespace-profile-windows-2022-x86-64-16x32)	UNKNOWN STEP	2026-09-04T03:06:39.3379815Z ^[[33;1m        SLOW^[[0m [   2.052s] (9159/9160) ^[[35;1mty_server::e2e^[[0m ^[[36mworkspace_folders^[[0m^[[36m::^[[0m^[[34;1mremove_only_workspace^[[0m
cargo test (namespace-profile-windows-2022-x86-64-16x32)	UNKNOWN STEP	2026-09-04T03:06:39.3380347Z ^[[33;1m        SLOW^[[0m [   4.102s] (9160/9160) ^[[35;1mty_server::e2e^[[0m ^[[36mpull_diagnostics^[[0m^[[36m::^[[0m^[[34;1mworkspace_diagnostic_long_polling_suspend_change_suspend_cycle^[[0m
cargo test (namespace-profile-windows-2022-x86-64-16x32)	UNKNOWN STEP	2026-09-04T03:06:39.3380949Z ^[[31;1m        FAIL^[[0m [   0.100s] (8218/9160) ^[[35;1mty_python_semantic^[[0m ^[[36mtypes::dedicated::pytest::collection::tests^[[0m^[[36m::^[[0m^[[34;1mcollects_function_aliases_and_imports^[[0m
cargo test (namespace-profile-windows-2022-x86-64-16x32)	UNKNOWN STEP	2026-09-04T03:06:39.3381397Z ^[[31;1m ^[[0m ^[[31;1mstdout^[[0m ^[[31;1m───^[[0m
cargo test (namespace-profile-windows-2022-x86-64-16x32)	UNKNOWN STEP	2026-09-04T03:06:39.3381572Z 
cargo test (namespace-profile-windows-2022-x86-64-16x32)	UNKNOWN STEP	2026-09-04T03:06:39.3381689Z     running 1 test
cargo test (namespace-profile-windows-2022-x86-64-16x32)	UNKNOWN STEP	2026-09-04T03:06:39.3381957Z     test types::dedicated::pytest::collection::tests::collects_function_aliases_and_imports ... FAILED
cargo test (namespace-profile-windows-2022-x86-64-16x32)	UNKNOWN STEP	2026-09-04T03:06:39.3382207Z 
cargo test (namespace-profile-windows-2022-x86-64-16x32)	UNKNOWN STEP	2026-09-04T03:06:39.3382324Z     failures:
cargo test (namespace-profile-windows-2022-x86-64-16x32)	UNKNOWN STEP	2026-09-04T03:06:39.3382446Z 
cargo test (namespace-profile-windows-2022-x86-64-16x32)	UNKNOWN STEP	2026-09-04T03:06:39.3382555Z     failures:
cargo test (namespace-profile-windows-2022-x86-64-16x32)	UNKNOWN STEP	2026-09-04T03:06:39.3382856Z         types::dedicated::pytest::collection::tests::collects_function_aliases_and_imports
cargo test (namespace-profile-windows-2022-x86-64-16x32)	UNKNOWN STEP	2026-09-04T03:06:39.3383076Z 
cargo test (namespace-profile-windows-2022-x86-64-16x32)	UNKNOWN STEP	2026-09-04T03:06:39.3383269Z     test result: FAILED. 0 passed; 1 failed; 0 ignored; 0 measured; 459 filtered out; finished in 0.09s
cargo test (namespace-profile-windows-2022-x86-64-16x32)	UNKNOWN STEP	2026-09-04T03:06:39.3383545Z     ^[[0m
cargo test (namespace-profile-windows-2022-x86-64-16x32)	UNKNOWN STEP	2026-09-04T03:06:39.3383940Z ^[[31;1m ^[[0m ^[[31;1mstderr^[[0m ^[[31;1m───^[[0m
cargo test (namespace-profile-windows-2022-x86-64-16x32)	UNKNOWN STEP	2026-09-04T03:06:39.3384098Z 
cargo test (namespace-profile-windows-2022-x86-64-16x32)	UNKNOWN STEP	2026-09-04T03:06:39.3384504Z     ^[[0m^[[31;1mthread 'types::dedicated::pytest::collection::tests::collects_function_aliases_and_imports' (6764) panicked at crates\ty_python_semantic\src\types\dedicated\pytest\collection.rs:744:9:^[[0m
cargo test (namespace-profile-windows-2022-x86-64-16x32)	UNKNOWN STEP	2026-09-04T03:06:39.3384962Z     ^[[31;1massertion `left == right` failed^[[0m
cargo test (namespace-profile-windows-2022-x86-64-16x32)	UNKNOWN STEP	2026-09-04T03:06:39.3385508Z       left: [("test_imported", "check", "\\src\\helpers.py"), ("test_reexported", "check", "\\src\\helpers.py"), ("test_first", "check", "\\src\\test_example.py"), ("test_second", "check", "\\src\\test_example.py"), ("test_method", "check", "\\src\\helpers.py")]
cargo test (namespace-profile-windows-2022-x86-64-16x32)	UNKNOWN STEP	2026-09-04T03:06:39.3386396Z      right: [("test_imported", "check", "/src/helpers.py"), ("test_reexported", "check", "/src/helpers.py"), ("test_first", "check", "/src/test_example.py"), ("test_second", "check", "/src/test_example.py"), ("test_method", "check", "/src/helpers.py")]
cargo test (namespace-profile-windows-2022-x86-64-16x32)	UNKNOWN STEP	2026-09-04T03:06:39.3386943Z     note: run with `RUST_BACKTRACE=1` environment variable to display a backtrace^[[0m
cargo test (namespace-profile-windows-2022-x86-64-16x32)	UNKNOWN STEP	2026-09-04T03:06:39.3387285Z 
cargo test (namespace-profile-windows-2022-x86-64-16x32)	UNKNOWN STEP	2026-09-04T03:06:39.3387450Z ^[[31;1merror^[[0m: test run failed
cargo test (namespace-profile-windows-2022-x86-64-16x32)	UNKNOWN STEP	2026-09-04T03:06:39.3496279Z ##[error]Process completed with exit code 100.
cargo test (namespace-profile-windows-2022-x86-64-16x32)	UNKNOWN STEP	2026-09-04T03:06:39.3586956Z Post job cleanup.
cargo test (namespace-profile-windows-2022-x86-64-16x32)	UNKNOWN STEP	2026-09-04T03:06:39.4437284Z [command]"C:\Program Files\Git\bin\git.exe" version
cargo test (namespace-profile-windows-2022-x86-64-16x32)	UNKNOWN STEP	2026-09-04T03:06:39.4560095Z git version 2.54.0.windows.1
cargo test (namespace-profile-windows-2022-x86-64-16x32)	UNKNOWN STEP	2026-09-04T03:06:39.4585951Z Temporarily overriding HOME='D:\a\_temp\f462d8b6-29a4-480d-a713-5a3b02a56134' before making global git config changes
cargo test (namespace-profile-windows-2022-x86-64-16x32)	UNKNOWN STEP	2026-09-04T03:06:39.4586298Z Adding repository directory to the temporary git global config as a safe directory
cargo test (namespace-profile-windows-2022-x86-64-16x32)	UNKNOWN STEP	2026-09-04T03:06:39.4590139Z [command]"C:\Program Files\Git\bin\git.exe" config --global --add safe.directory D:\a\ruff\ruff
cargo test (namespace-profile-windows-2022-x86-64-16x32)	UNKNOWN STEP	2026-09-04T03:06:39.4704400Z Removing SSH command configuration
cargo test (namespace-profile-windows-2022-x86-64-16x32)	UNKNOWN STEP	2026-09-04T03:06:39.4709630Z [command]"C:\Program Files\Git\bin\git.exe" config --local --name-only --get-regexp core\.sshCommand
cargo test (namespace-profile-windows-2022-x86-64-16x32)	UNKNOWN STEP	2026-09-04T03:06:39.4830350Z [command]"C:\Program Files\Git\bin\git.exe" submodule foreach --recursive "sh -c \"git config --local --name-only --get-regexp 'core\.sshCommand' && git config --local --unset-all 'core.sshCommand' || :\""
cargo test (namespace-profile-windows-2022-x86-64-16x32)	UNKNOWN STEP	2026-09-04T03:06:39.7098743Z Removing HTTP extra header
cargo test (namespace-profile-windows-2022-x86-64-16x32)	UNKNOWN STEP	2026-09-04T03:06:39.7099171Z [command]"C:\Program Files\Git\bin\git.exe" config --local --name-only --get-regexp http\.https\:\/\/github\.com\/\.extraheader
cargo test (namespace-profile-windows-2022-x86-64-16x32)	UNKNOWN STEP	2026-09-04T03:06:39.7262509Z [command]"C:\Program Files\Git\bin\git.exe" submodule foreach --recursive "sh -c \"git config --local --name-only --get-regexp 'http\.https\:\/\/github\.com\/\.extraheader' && git config --local --unset-all 'http.https://github.com/.extraheader' || :\""
cargo test (namespace-profile-windows-2022-x86-64-16x32)	UNKNOWN STEP	2026-09-04T03:06:39.9752827Z Removing includeIf entries pointing to credentials config files
cargo test (namespace-profile-windows-2022-x86-64-16x32)	UNKNOWN STEP	2026-09-04T03:06:39.9760337Z [command]"C:\Program Files\Git\bin\git.exe" config --local --name-only --get-regexp ^includeIf\.gitdir:
cargo test (namespace-profile-windows-2022-x86-64-16x32)	UNKNOWN STEP	2026-09-04T03:06:39.9881715Z [command]"C:\Program Files\Git\bin\git.exe" submodule foreach --recursive "git config --local --show-origin --name-only --get-regexp remote.origin.url"
cargo test (namespace-profile-windows-2022-x86-64-16x32)	UNKNOWN STEP	2026-09-04T03:06:40.2373347Z Cleaning up orphan processes
cargo test (namespace-profile-windows-2022-x86-64-16x32)	UNKNOWN STEP	2026-09-04T03:06:40.2611250Z Terminate orphan process: pid (2176) (vctip)
